/*
 Navicat Premium Data Transfer

 Source Server         : LocalMySQL
 Source Server Type    : MySQL
 Source Server Version : 50727
 Source Host           : localhost:3306
 Source Schema         : ruoyi_abucoder_uniappwx

 Target Server Type    : MySQL
 Target Server Version : 50727
 File Encoding         : 65001

 Date: 29/05/2022 18:56:19
*/

SET NAMES utf8mb4;
SET FOREIGN_KEY_CHECKS = 0;

-- ----------------------------
-- Table structure for abucoder_banners
-- ----------------------------
DROP TABLE IF EXISTS `abucoder_banners`;
CREATE TABLE `abucoder_banners`  (
  `id` int(20) NOT NULL AUTO_INCREMENT COMMENT 'ID',
  `banner_title` varchar(255) CHARACTER SET utf8mb4 COLLATE utf8mb4_general_ci NULL DEFAULT NULL COMMENT '轮播图标题',
  `banner_url` varchar(255) CHARACTER SET utf8mb4 COLLATE utf8mb4_general_ci NULL DEFAULT NULL COMMENT '轮播图连接',
  `banner_img` varchar(255) CHARACTER SET utf8mb4 COLLATE utf8mb4_general_ci NULL DEFAULT NULL COMMENT '图片',
  `create_by` varchar(64) CHARACTER SET utf8mb4 COLLATE utf8mb4_general_ci NULL DEFAULT '' COMMENT '创建者',
  `create_time` datetime(0) NULL DEFAULT NULL COMMENT '创建时间',
  `update_by` varchar(64) CHARACTER SET utf8mb4 COLLATE utf8mb4_general_ci NULL DEFAULT '' COMMENT '更新者',
  `update_time` datetime(0) NULL DEFAULT NULL COMMENT '更新时间',
  `remark` varchar(255) CHARACTER SET utf8mb4 COLLATE utf8mb4_general_ci NULL DEFAULT NULL COMMENT '备注',
  PRIMARY KEY (`id`) USING BTREE
) ENGINE = InnoDB AUTO_INCREMENT = 3 CHARACTER SET = utf8mb4 COLLATE = utf8mb4_general_ci COMMENT = '轮播图表' ROW_FORMAT = Dynamic;

-- ----------------------------
-- Records of abucoder_banners
-- ----------------------------
INSERT INTO `abucoder_banners` VALUES (1, '轮播图1', '', 'http://localhost/profile/upload/2022/05/27/swipper1_20220527155331A001.jpg', '', '2022-05-27 15:53:57', '', NULL, '');
INSERT INTO `abucoder_banners` VALUES (2, '轮播图2', '', 'http://localhost/profile/upload/2022/05/27/swipper2_20220527155425A002.jpg', '', '2022-05-27 15:54:27', '', NULL, '');

-- ----------------------------
-- Table structure for abucoder_items
-- ----------------------------
DROP TABLE IF EXISTS `abucoder_items`;
CREATE TABLE `abucoder_items`  (
  `id` int(20) NOT NULL AUTO_INCREMENT COMMENT 'ID',
  `item_name` varchar(255) CHARACTER SET utf8mb4 COLLATE utf8mb4_general_ci NULL DEFAULT NULL COMMENT '项目名称',
  `item_desc` varchar(255) CHARACTER SET utf8mb4 COLLATE utf8mb4_general_ci NULL DEFAULT NULL COMMENT '项目介绍',
  `item_content` varchar(2048) CHARACTER SET utf8mb4 COLLATE utf8mb4_general_ci NULL DEFAULT NULL COMMENT '项目内容',
  `create_by` varchar(64) CHARACTER SET utf8mb4 COLLATE utf8mb4_general_ci NULL DEFAULT '' COMMENT '创建者',
  `create_time` datetime(0) NULL DEFAULT NULL COMMENT '创建时间',
  `update_by` varchar(64) CHARACTER SET utf8mb4 COLLATE utf8mb4_general_ci NULL DEFAULT '' COMMENT '更新者',
  `update_time` datetime(0) NULL DEFAULT NULL COMMENT '更新时间',
  `remark` varchar(255) CHARACTER SET utf8mb4 COLLATE utf8mb4_general_ci NULL DEFAULT NULL COMMENT '备注',
  PRIMARY KEY (`id`) USING BTREE
) ENGINE = InnoDB AUTO_INCREMENT = 4 CHARACTER SET = utf8mb4 COLLATE = utf8mb4_general_ci COMMENT = '推荐项目表' ROW_FORMAT = Dynamic;

-- ----------------------------
-- Records of abucoder_items
-- ----------------------------
INSERT INTO `abucoder_items` VALUES (1, '专业证件照', '基于uniapp的专业证件照制作小程序，欢迎访问...', '<p>基于uniapp的专业证件照制作小程序，欢迎访问...<br></p>', '', '2022-05-27 15:55:03', '', NULL, '');
INSERT INTO `abucoder_items` VALUES (2, '极速去水印', '基于uniapp的专业极速去水印助手小程序，欢迎访问...', '<p>基于uniapp的专业极速去水印助手小程序，欢迎访问...<br></p>', '', '2022-05-27 15:55:17', '', NULL, '');
INSERT INTO `abucoder_items` VALUES (3, '证件照（民族语言版）', '基于uniapp的专业证件照制作小程序民族语言版...', '<p>基于uniapp的专业证件照制作小程序民族语言版...<br></p>', '', '2022-05-27 15:55:30', '', NULL, '');

-- ----------------------------
-- Table structure for abucoder_programs
-- ----------------------------
DROP TABLE IF EXISTS `abucoder_programs`;
CREATE TABLE `abucoder_programs`  (
  `id` int(20) NOT NULL AUTO_INCREMENT COMMENT 'ID',
  `program_name` varchar(255) CHARACTER SET utf8mb4 COLLATE utf8mb4_general_ci NULL DEFAULT NULL COMMENT '项目名称',
  `program_tag` varchar(20) CHARACTER SET utf8mb4 COLLATE utf8mb4_general_ci NULL DEFAULT NULL COMMENT '标签',
  `program_img` varchar(255) CHARACTER SET utf8mb4 COLLATE utf8mb4_general_ci NULL DEFAULT NULL COMMENT '图片',
  `program_content` varchar(2048) CHARACTER SET utf8mb4 COLLATE utf8mb4_general_ci NULL DEFAULT NULL COMMENT '项目介绍',
  `create_by` varchar(64) CHARACTER SET utf8mb4 COLLATE utf8mb4_general_ci NULL DEFAULT '' COMMENT '创建者',
  `create_time` datetime(0) NULL DEFAULT NULL COMMENT '创建时间',
  `update_by` varchar(64) CHARACTER SET utf8mb4 COLLATE utf8mb4_general_ci NULL DEFAULT '' COMMENT '更新者',
  `update_time` datetime(0) NULL DEFAULT NULL COMMENT '更新时间',
  `remark` varchar(255) CHARACTER SET utf8mb4 COLLATE utf8mb4_general_ci NULL DEFAULT NULL COMMENT '备注',
  PRIMARY KEY (`id`) USING BTREE
) ENGINE = InnoDB AUTO_INCREMENT = 2 CHARACTER SET = utf8mb4 COLLATE = utf8mb4_general_ci COMMENT = '推荐开源项目表' ROW_FORMAT = Dynamic;

-- ----------------------------
-- Records of abucoder_programs
-- ----------------------------
INSERT INTO `abucoder_programs` VALUES (1, '若依开源框架', 'Gitee开源', 'http://localhost/profile/upload/2022/05/27/微信截图_20220527155608_20220527160134A001.png', '<div class=\"b\" style=\"font-size: 65px; color: rgb(255, 255, 255); font-weight: bold; font-family: &quot;microsoft yahei&quot;, Helvetica, Tahoma, Arial, &quot;Microsoft jhengHei&quot;, sans-serif;\"><span style=\"background-color: rgb(0, 0, 0);\">若依管理系统</span></div><div class=\"s\" style=\"font-size: 22px; color: rgb(255, 255, 255); line-height: 40px; margin: 20px 0px 44px; font-family: &quot;microsoft yahei&quot;, Helvetica, Tahoma, Arial, &quot;Microsoft jhengHei&quot;, sans-serif;\"><span style=\"background-color: rgb(0, 0, 0);\">基于SpringBoot的权限管理系统</span></div>', '', '2022-05-27 15:57:05', '', '2022-05-27 16:01:36', '');

-- ----------------------------
-- Table structure for abucoder_wxuser
-- ----------------------------
DROP TABLE IF EXISTS `abucoder_wxuser`;
CREATE TABLE `abucoder_wxuser`  (
  `id` int(20) NOT NULL AUTO_INCREMENT COMMENT 'ID',
  `nickname` varchar(100) CHARACTER SET utf8mb4 COLLATE utf8mb4_general_ci NULL DEFAULT NULL COMMENT '微信名称',
  `avatar` varchar(255) CHARACTER SET utf8mb4 COLLATE utf8mb4_general_ci NULL DEFAULT NULL COMMENT '头像',
  `openid` varchar(100) CHARACTER SET utf8mb4 COLLATE utf8mb4_general_ci NULL DEFAULT NULL COMMENT '微信唯一标识符',
  `gender` int(1) NULL DEFAULT NULL COMMENT '性别',
  `create_by` varchar(64) CHARACTER SET utf8mb4 COLLATE utf8mb4_general_ci NULL DEFAULT '' COMMENT '创建者',
  `create_time` datetime(0) NULL DEFAULT NULL COMMENT '创建时间',
  `update_by` varchar(64) CHARACTER SET utf8mb4 COLLATE utf8mb4_general_ci NULL DEFAULT '' COMMENT '更新者',
  `update_time` datetime(0) NULL DEFAULT NULL COMMENT '更新时间',
  `remark` varchar(255) CHARACTER SET utf8mb4 COLLATE utf8mb4_general_ci NULL DEFAULT NULL COMMENT '备注',
  PRIMARY KEY (`id`) USING BTREE
) ENGINE = InnoDB AUTO_INCREMENT = 3 CHARACTER SET = utf8mb4 COLLATE = utf8mb4_general_ci COMMENT = '微信用户表' ROW_FORMAT = Dynamic;

-- ----------------------------
-- Records of abucoder_wxuser
-- ----------------------------

-- ----------------------------
-- Table structure for gen_table
-- ----------------------------
DROP TABLE IF EXISTS `gen_table`;
CREATE TABLE `gen_table`  (
  `table_id` bigint(20) NOT NULL AUTO_INCREMENT COMMENT '编号',
  `table_name` varchar(200) CHARACTER SET utf8mb4 COLLATE utf8mb4_general_ci NULL DEFAULT '' COMMENT '表名称',
  `table_comment` varchar(500) CHARACTER SET utf8mb4 COLLATE utf8mb4_general_ci NULL DEFAULT '' COMMENT '表描述',
  `sub_table_name` varchar(64) CHARACTER SET utf8mb4 COLLATE utf8mb4_general_ci NULL DEFAULT NULL COMMENT '关联子表的表名',
  `sub_table_fk_name` varchar(64) CHARACTER SET utf8mb4 COLLATE utf8mb4_general_ci NULL DEFAULT NULL COMMENT '子表关联的外键名',
  `class_name` varchar(100) CHARACTER SET utf8mb4 COLLATE utf8mb4_general_ci NULL DEFAULT '' COMMENT '实体类名称',
  `tpl_category` varchar(200) CHARACTER SET utf8mb4 COLLATE utf8mb4_general_ci NULL DEFAULT 'crud' COMMENT '使用的模板（crud单表操作 tree树表操作 sub主子表操作）',
  `package_name` varchar(100) CHARACTER SET utf8mb4 COLLATE utf8mb4_general_ci NULL DEFAULT NULL COMMENT '生成包路径',
  `module_name` varchar(30) CHARACTER SET utf8mb4 COLLATE utf8mb4_general_ci NULL DEFAULT NULL COMMENT '生成模块名',
  `business_name` varchar(30) CHARACTER SET utf8mb4 COLLATE utf8mb4_general_ci NULL DEFAULT NULL COMMENT '生成业务名',
  `function_name` varchar(50) CHARACTER SET utf8mb4 COLLATE utf8mb4_general_ci NULL DEFAULT NULL COMMENT '生成功能名',
  `function_author` varchar(50) CHARACTER SET utf8mb4 COLLATE utf8mb4_general_ci NULL DEFAULT NULL COMMENT '生成功能作者',
  `gen_type` char(1) CHARACTER SET utf8mb4 COLLATE utf8mb4_general_ci NULL DEFAULT '0' COMMENT '生成代码方式（0zip压缩包 1自定义路径）',
  `gen_path` varchar(200) CHARACTER SET utf8mb4 COLLATE utf8mb4_general_ci NULL DEFAULT '/' COMMENT '生成路径（不填默认项目路径）',
  `options` varchar(1000) CHARACTER SET utf8mb4 COLLATE utf8mb4_general_ci NULL DEFAULT NULL COMMENT '其它生成选项',
  `create_by` varchar(64) CHARACTER SET utf8mb4 COLLATE utf8mb4_general_ci NULL DEFAULT '' COMMENT '创建者',
  `create_time` datetime(0) NULL DEFAULT NULL COMMENT '创建时间',
  `update_by` varchar(64) CHARACTER SET utf8mb4 COLLATE utf8mb4_general_ci NULL DEFAULT '' COMMENT '更新者',
  `update_time` datetime(0) NULL DEFAULT NULL COMMENT '更新时间',
  `remark` varchar(500) CHARACTER SET utf8mb4 COLLATE utf8mb4_general_ci NULL DEFAULT NULL COMMENT '备注',
  PRIMARY KEY (`table_id`) USING BTREE
) ENGINE = InnoDB AUTO_INCREMENT = 5 CHARACTER SET = utf8mb4 COLLATE = utf8mb4_general_ci COMMENT = '代码生成业务表' ROW_FORMAT = Dynamic;

-- ----------------------------
-- Records of gen_table
-- ----------------------------
INSERT INTO `gen_table` VALUES (1, 'abucoder_banners', '轮播图表', '', NULL, 'AbucoderBanners', 'crud', 'com.ruoyi.project.abucoder', 'abucoder', 'banners', '轮播图', '阿卜 QQ932696181', '0', '/', '{\"parentMenuId\":\"2000\",\"treeName\":\"\",\"treeParentCode\":\"\",\"parentMenuName\":\"微信小程序\",\"treeCode\":\"\"}', 'admin', '2022-05-27 14:42:20', '', '2022-05-27 15:46:37', '');
INSERT INTO `gen_table` VALUES (2, 'abucoder_items', '推荐项目表', '', NULL, 'AbucoderItems', 'crud', 'com.ruoyi.project.abucoder', 'abucoder', 'items', '推荐项目', '阿卜 QQ932696181', '0', '/', '{\"parentMenuId\":\"2000\",\"treeName\":\"\",\"treeParentCode\":\"\",\"parentMenuName\":\"微信小程序\",\"treeCode\":\"\"}', 'admin', '2022-05-27 14:42:20', '', '2022-05-27 15:37:57', '');
INSERT INTO `gen_table` VALUES (3, 'abucoder_programs', '推荐开源项目表', '', NULL, 'AbucoderPrograms', 'crud', 'com.ruoyi.project.abucoder', 'abucoder', 'programs', '推荐开源项目', '阿卜 QQ932696181', '0', '/', '{\"parentMenuId\":\"2000\",\"treeName\":\"\",\"treeParentCode\":\"\",\"parentMenuName\":\"微信小程序\",\"treeCode\":\"\"}', 'admin', '2022-05-27 14:42:20', '', '2022-05-27 15:58:53', '');
INSERT INTO `gen_table` VALUES (4, 'abucoder_wxuser', '微信用户表', '', NULL, 'AbucoderWxuser', 'crud', 'com.ruoyi.project.abucoder', 'abucoder', 'wxuser', '微信用户', 'ruoyi', '0', '/', '{\"parentMenuId\":\"2000\",\"treeName\":\"\",\"treeParentCode\":\"\",\"parentMenuName\":\"微信小程序\",\"treeCode\":\"\"}', 'admin', '2022-05-27 14:42:20', '', '2022-05-27 15:38:07', '');

-- ----------------------------
-- Table structure for gen_table_column
-- ----------------------------
DROP TABLE IF EXISTS `gen_table_column`;
CREATE TABLE `gen_table_column`  (
  `column_id` bigint(20) NOT NULL AUTO_INCREMENT COMMENT '编号',
  `table_id` varchar(64) CHARACTER SET utf8mb4 COLLATE utf8mb4_general_ci NULL DEFAULT NULL COMMENT '归属表编号',
  `column_name` varchar(200) CHARACTER SET utf8mb4 COLLATE utf8mb4_general_ci NULL DEFAULT NULL COMMENT '列名称',
  `column_comment` varchar(500) CHARACTER SET utf8mb4 COLLATE utf8mb4_general_ci NULL DEFAULT NULL COMMENT '列描述',
  `column_type` varchar(100) CHARACTER SET utf8mb4 COLLATE utf8mb4_general_ci NULL DEFAULT NULL COMMENT '列类型',
  `java_type` varchar(500) CHARACTER SET utf8mb4 COLLATE utf8mb4_general_ci NULL DEFAULT NULL COMMENT 'JAVA类型',
  `java_field` varchar(200) CHARACTER SET utf8mb4 COLLATE utf8mb4_general_ci NULL DEFAULT NULL COMMENT 'JAVA字段名',
  `is_pk` char(1) CHARACTER SET utf8mb4 COLLATE utf8mb4_general_ci NULL DEFAULT NULL COMMENT '是否主键（1是）',
  `is_increment` char(1) CHARACTER SET utf8mb4 COLLATE utf8mb4_general_ci NULL DEFAULT NULL COMMENT '是否自增（1是）',
  `is_required` char(1) CHARACTER SET utf8mb4 COLLATE utf8mb4_general_ci NULL DEFAULT NULL COMMENT '是否必填（1是）',
  `is_insert` char(1) CHARACTER SET utf8mb4 COLLATE utf8mb4_general_ci NULL DEFAULT NULL COMMENT '是否为插入字段（1是）',
  `is_edit` char(1) CHARACTER SET utf8mb4 COLLATE utf8mb4_general_ci NULL DEFAULT NULL COMMENT '是否编辑字段（1是）',
  `is_list` char(1) CHARACTER SET utf8mb4 COLLATE utf8mb4_general_ci NULL DEFAULT NULL COMMENT '是否列表字段（1是）',
  `is_query` char(1) CHARACTER SET utf8mb4 COLLATE utf8mb4_general_ci NULL DEFAULT NULL COMMENT '是否查询字段（1是）',
  `query_type` varchar(200) CHARACTER SET utf8mb4 COLLATE utf8mb4_general_ci NULL DEFAULT 'EQ' COMMENT '查询方式（等于、不等于、大于、小于、范围）',
  `html_type` varchar(200) CHARACTER SET utf8mb4 COLLATE utf8mb4_general_ci NULL DEFAULT NULL COMMENT '显示类型（文本框、文本域、下拉框、复选框、单选框、日期控件）',
  `dict_type` varchar(200) CHARACTER SET utf8mb4 COLLATE utf8mb4_general_ci NULL DEFAULT '' COMMENT '字典类型',
  `sort` int(11) NULL DEFAULT NULL COMMENT '排序',
  `create_by` varchar(64) CHARACTER SET utf8mb4 COLLATE utf8mb4_general_ci NULL DEFAULT '' COMMENT '创建者',
  `create_time` datetime(0) NULL DEFAULT NULL COMMENT '创建时间',
  `update_by` varchar(64) CHARACTER SET utf8mb4 COLLATE utf8mb4_general_ci NULL DEFAULT '' COMMENT '更新者',
  `update_time` datetime(0) NULL DEFAULT NULL COMMENT '更新时间',
  PRIMARY KEY (`column_id`) USING BTREE
) ENGINE = InnoDB AUTO_INCREMENT = 39 CHARACTER SET = utf8mb4 COLLATE = utf8mb4_general_ci COMMENT = '代码生成业务表字段' ROW_FORMAT = Dynamic;

-- ----------------------------
-- Records of gen_table_column
-- ----------------------------
INSERT INTO `gen_table_column` VALUES (1, '1', 'id', 'ID', 'int(20)', 'Long', 'id', '1', '1', NULL, '1', NULL, NULL, NULL, 'EQ', 'input', '', 1, 'admin', '2022-05-27 14:42:20', NULL, '2022-05-27 15:46:37');
INSERT INTO `gen_table_column` VALUES (2, '1', 'banner_title', '轮播图标题', 'varchar(255)', 'String', 'bannerTitle', '0', '0', NULL, '1', '1', '1', NULL, 'EQ', 'input', '', 2, 'admin', '2022-05-27 14:42:20', NULL, '2022-05-27 15:46:37');
INSERT INTO `gen_table_column` VALUES (3, '1', 'banner_url', '轮播图连接', 'varchar(255)', 'String', 'bannerUrl', '0', '0', NULL, '1', '1', '1', NULL, 'EQ', 'input', '', 3, 'admin', '2022-05-27 14:42:20', NULL, '2022-05-27 15:46:37');
INSERT INTO `gen_table_column` VALUES (4, '1', 'banner_img', '图片', 'varchar(255)', 'String', 'bannerImg', '0', '0', NULL, '1', '1', '1', NULL, 'EQ', 'upload', '', 4, 'admin', '2022-05-27 14:42:20', NULL, '2022-05-27 15:46:37');
INSERT INTO `gen_table_column` VALUES (5, '1', 'create_by', '创建者', 'varchar(64)', 'String', 'createBy', '0', '0', NULL, '1', NULL, NULL, NULL, 'EQ', 'datetime', '', 5, 'admin', '2022-05-27 14:42:20', NULL, '2022-05-27 15:46:37');
INSERT INTO `gen_table_column` VALUES (6, '1', 'create_time', '创建时间', 'datetime', 'Date', 'createTime', '0', '0', NULL, '1', NULL, NULL, NULL, 'EQ', 'datetime', '', 6, 'admin', '2022-05-27 14:42:20', NULL, '2022-05-27 15:46:37');
INSERT INTO `gen_table_column` VALUES (7, '1', 'update_by', '更新者', 'varchar(64)', 'String', 'updateBy', '0', '0', NULL, '1', '1', NULL, NULL, 'EQ', 'input', '', 7, 'admin', '2022-05-27 14:42:20', NULL, '2022-05-27 15:46:37');
INSERT INTO `gen_table_column` VALUES (8, '1', 'update_time', '更新时间', 'datetime', 'Date', 'updateTime', '0', '0', NULL, '1', '1', NULL, NULL, 'EQ', 'datetime', '', 8, 'admin', '2022-05-27 14:42:20', NULL, '2022-05-27 15:46:37');
INSERT INTO `gen_table_column` VALUES (9, '1', 'remark', '备注', 'varchar(255)', 'String', 'remark', '0', '0', NULL, '1', '1', NULL, NULL, 'EQ', 'input', '', 9, 'admin', '2022-05-27 14:42:20', NULL, '2022-05-27 15:46:37');
INSERT INTO `gen_table_column` VALUES (10, '2', 'id', 'ID', 'int(20)', 'Long', 'id', '1', '1', NULL, '1', NULL, NULL, NULL, 'EQ', 'input', '', 1, 'admin', '2022-05-27 14:42:20', NULL, '2022-05-27 15:37:57');
INSERT INTO `gen_table_column` VALUES (11, '2', 'item_name', '项目名称', 'varchar(255)', 'String', 'itemName', '0', '0', NULL, '1', '1', '1', NULL, 'LIKE', 'input', '', 2, 'admin', '2022-05-27 14:42:20', NULL, '2022-05-27 15:37:57');
INSERT INTO `gen_table_column` VALUES (12, '2', 'item_desc', '项目介绍', 'varchar(255)', 'String', 'itemDesc', '0', '0', NULL, '1', '1', '1', NULL, 'EQ', 'input', '', 3, 'admin', '2022-05-27 14:42:20', NULL, '2022-05-27 15:37:57');
INSERT INTO `gen_table_column` VALUES (13, '2', 'item_content', '项目内容', 'varchar(2048)', 'String', 'itemContent', '0', '0', NULL, '1', '1', NULL, NULL, 'EQ', 'summernote', '', 4, 'admin', '2022-05-27 14:42:20', NULL, '2022-05-27 15:37:57');
INSERT INTO `gen_table_column` VALUES (14, '2', 'create_by', '创建者', 'varchar(64)', 'String', 'createBy', '0', '0', NULL, '1', NULL, NULL, NULL, 'EQ', 'input', '', 5, 'admin', '2022-05-27 14:42:20', NULL, '2022-05-27 15:37:57');
INSERT INTO `gen_table_column` VALUES (15, '2', 'create_time', '创建时间', 'datetime', 'Date', 'createTime', '0', '0', NULL, '1', NULL, NULL, NULL, 'EQ', 'datetime', '', 6, 'admin', '2022-05-27 14:42:20', NULL, '2022-05-27 15:37:57');
INSERT INTO `gen_table_column` VALUES (16, '2', 'update_by', '更新者', 'varchar(64)', 'String', 'updateBy', '0', '0', NULL, '1', '1', NULL, NULL, 'EQ', 'input', '', 7, 'admin', '2022-05-27 14:42:20', NULL, '2022-05-27 15:37:57');
INSERT INTO `gen_table_column` VALUES (17, '2', 'update_time', '更新时间', 'datetime', 'Date', 'updateTime', '0', '0', NULL, '1', '1', NULL, NULL, 'EQ', 'datetime', '', 8, 'admin', '2022-05-27 14:42:20', NULL, '2022-05-27 15:37:57');
INSERT INTO `gen_table_column` VALUES (18, '2', 'remark', '备注', 'varchar(255)', 'String', 'remark', '0', '0', NULL, '1', '1', '1', NULL, 'EQ', 'input', '', 9, 'admin', '2022-05-27 14:42:20', NULL, '2022-05-27 15:37:57');
INSERT INTO `gen_table_column` VALUES (19, '3', 'id', 'ID', 'int(20)', 'Long', 'id', '1', '1', NULL, '1', NULL, NULL, NULL, 'EQ', 'input', '', 1, 'admin', '2022-05-27 14:42:20', NULL, '2022-05-27 15:58:53');
INSERT INTO `gen_table_column` VALUES (20, '3', 'program_name', '项目名称', 'varchar(255)', 'String', 'programName', '0', '0', NULL, '1', '1', '1', NULL, 'LIKE', 'input', '', 2, 'admin', '2022-05-27 14:42:20', NULL, '2022-05-27 15:58:53');
INSERT INTO `gen_table_column` VALUES (21, '3', 'program_tag', '标签', 'varchar(20)', 'String', 'programTag', '0', '0', NULL, '1', '1', '1', NULL, 'EQ', 'input', '', 3, 'admin', '2022-05-27 14:42:20', NULL, '2022-05-27 15:58:53');
INSERT INTO `gen_table_column` VALUES (22, '3', 'program_content', '项目介绍', 'varchar(2048)', 'String', 'programContent', '0', '0', NULL, '1', '1', '1', NULL, 'EQ', 'summernote', '', 5, 'admin', '2022-05-27 14:42:20', NULL, '2022-05-27 15:58:53');
INSERT INTO `gen_table_column` VALUES (23, '3', 'create_by', '创建者', 'varchar(64)', 'String', 'createBy', '0', '0', NULL, '1', NULL, NULL, NULL, 'EQ', 'input', '', 6, 'admin', '2022-05-27 14:42:20', NULL, '2022-05-27 15:58:53');
INSERT INTO `gen_table_column` VALUES (24, '3', 'create_time', '创建时间', 'datetime', 'Date', 'createTime', '0', '0', NULL, '1', NULL, NULL, NULL, 'EQ', 'datetime', '', 7, 'admin', '2022-05-27 14:42:20', NULL, '2022-05-27 15:58:53');
INSERT INTO `gen_table_column` VALUES (25, '3', 'update_by', '更新者', 'varchar(64)', 'String', 'updateBy', '0', '0', NULL, '1', '1', NULL, NULL, 'EQ', 'input', '', 8, 'admin', '2022-05-27 14:42:20', NULL, '2022-05-27 15:58:53');
INSERT INTO `gen_table_column` VALUES (26, '3', 'update_time', '更新时间', 'datetime', 'Date', 'updateTime', '0', '0', NULL, '1', '1', NULL, NULL, 'EQ', 'datetime', '', 9, 'admin', '2022-05-27 14:42:20', NULL, '2022-05-27 15:58:53');
INSERT INTO `gen_table_column` VALUES (27, '3', 'remark', '备注', 'varchar(255)', 'String', 'remark', '0', '0', NULL, '1', '1', '1', NULL, 'EQ', 'input', '', 10, 'admin', '2022-05-27 14:42:20', NULL, '2022-05-27 15:58:53');
INSERT INTO `gen_table_column` VALUES (28, '4', 'id', 'ID', 'int(20)', 'Long', 'id', '1', '1', NULL, '1', NULL, NULL, NULL, 'EQ', 'input', '', 1, 'admin', '2022-05-27 14:42:20', NULL, '2022-05-27 15:38:07');
INSERT INTO `gen_table_column` VALUES (29, '4', 'nickname', '微信名称', 'varchar(100)', 'String', 'nickname', '0', '0', NULL, '1', '1', '1', NULL, 'LIKE', 'input', '', 2, 'admin', '2022-05-27 14:42:20', NULL, '2022-05-27 15:38:07');
INSERT INTO `gen_table_column` VALUES (30, '4', 'avatar', '头像', 'varchar(255)', 'String', 'avatar', '0', '0', NULL, '1', '1', '1', NULL, 'EQ', 'input', '', 3, 'admin', '2022-05-27 14:42:20', NULL, '2022-05-27 15:38:07');
INSERT INTO `gen_table_column` VALUES (31, '4', 'openid', '微信唯一标识符', 'varchar(100)', 'String', 'openid', '0', '0', NULL, '1', '1', '1', NULL, 'EQ', 'input', '', 4, 'admin', '2022-05-27 14:42:20', NULL, '2022-05-27 15:38:07');
INSERT INTO `gen_table_column` VALUES (32, '4', 'gender', '性别', 'int(1)', 'Integer', 'gender', '0', '0', NULL, '1', '1', '1', NULL, 'EQ', 'select', 'sys_user_sex', 5, 'admin', '2022-05-27 14:42:20', NULL, '2022-05-27 15:38:07');
INSERT INTO `gen_table_column` VALUES (33, '4', 'create_by', '创建者', 'varchar(64)', 'String', 'createBy', '0', '0', NULL, '1', NULL, NULL, NULL, 'EQ', 'input', '', 6, 'admin', '2022-05-27 14:42:20', NULL, '2022-05-27 15:38:07');
INSERT INTO `gen_table_column` VALUES (34, '4', 'create_time', '创建时间', 'datetime', 'Date', 'createTime', '0', '0', NULL, '1', NULL, NULL, NULL, 'EQ', 'datetime', '', 7, 'admin', '2022-05-27 14:42:20', NULL, '2022-05-27 15:38:07');
INSERT INTO `gen_table_column` VALUES (35, '4', 'update_by', '更新者', 'varchar(64)', 'String', 'updateBy', '0', '0', NULL, '1', '1', NULL, NULL, 'EQ', 'input', '', 8, 'admin', '2022-05-27 14:42:20', NULL, '2022-05-27 15:38:07');
INSERT INTO `gen_table_column` VALUES (36, '4', 'update_time', '更新时间', 'datetime', 'Date', 'updateTime', '0', '0', NULL, '1', '1', NULL, NULL, 'EQ', 'datetime', '', 9, 'admin', '2022-05-27 14:42:20', NULL, '2022-05-27 15:38:07');
INSERT INTO `gen_table_column` VALUES (37, '4', 'remark', '备注', 'varchar(255)', 'String', 'remark', '0', '0', NULL, '1', '1', '1', NULL, 'EQ', 'input', '', 10, 'admin', '2022-05-27 14:42:20', NULL, '2022-05-27 15:38:07');
INSERT INTO `gen_table_column` VALUES (38, '3', 'program_img', '图片', 'varchar(255)', 'String', 'programImg', '0', '0', NULL, '1', '1', '1', NULL, 'EQ', 'upload', '', 4, '', '2022-05-27 15:58:41', NULL, '2022-05-27 15:58:53');

-- ----------------------------
-- Table structure for qrtz_blob_triggers
-- ----------------------------
DROP TABLE IF EXISTS `qrtz_blob_triggers`;
CREATE TABLE `qrtz_blob_triggers`  (
  `sched_name` varchar(120) CHARACTER SET utf8mb4 COLLATE utf8mb4_general_ci NOT NULL COMMENT '调度名称',
  `trigger_name` varchar(200) CHARACTER SET utf8mb4 COLLATE utf8mb4_general_ci NOT NULL COMMENT 'qrtz_triggers表trigger_name的外键',
  `trigger_group` varchar(200) CHARACTER SET utf8mb4 COLLATE utf8mb4_general_ci NOT NULL COMMENT 'qrtz_triggers表trigger_group的外键',
  `blob_data` blob NULL COMMENT '存放持久化Trigger对象',
  PRIMARY KEY (`sched_name`, `trigger_name`, `trigger_group`) USING BTREE,
  CONSTRAINT `qrtz_blob_triggers_ibfk_1` FOREIGN KEY (`sched_name`, `trigger_name`, `trigger_group`) REFERENCES `qrtz_triggers` (`sched_name`, `trigger_name`, `trigger_group`) ON DELETE RESTRICT ON UPDATE RESTRICT
) ENGINE = InnoDB CHARACTER SET = utf8mb4 COLLATE = utf8mb4_general_ci COMMENT = 'Blob类型的触发器表' ROW_FORMAT = Dynamic;

-- ----------------------------
-- Records of qrtz_blob_triggers
-- ----------------------------

-- ----------------------------
-- Table structure for qrtz_calendars
-- ----------------------------
DROP TABLE IF EXISTS `qrtz_calendars`;
CREATE TABLE `qrtz_calendars`  (
  `sched_name` varchar(120) CHARACTER SET utf8mb4 COLLATE utf8mb4_general_ci NOT NULL COMMENT '调度名称',
  `calendar_name` varchar(200) CHARACTER SET utf8mb4 COLLATE utf8mb4_general_ci NOT NULL COMMENT '日历名称',
  `calendar` blob NOT NULL COMMENT '存放持久化calendar对象',
  PRIMARY KEY (`sched_name`, `calendar_name`) USING BTREE
) ENGINE = InnoDB CHARACTER SET = utf8mb4 COLLATE = utf8mb4_general_ci COMMENT = '日历信息表' ROW_FORMAT = Dynamic;

-- ----------------------------
-- Records of qrtz_calendars
-- ----------------------------

-- ----------------------------
-- Table structure for qrtz_cron_triggers
-- ----------------------------
DROP TABLE IF EXISTS `qrtz_cron_triggers`;
CREATE TABLE `qrtz_cron_triggers`  (
  `sched_name` varchar(120) CHARACTER SET utf8mb4 COLLATE utf8mb4_general_ci NOT NULL COMMENT '调度名称',
  `trigger_name` varchar(200) CHARACTER SET utf8mb4 COLLATE utf8mb4_general_ci NOT NULL COMMENT 'qrtz_triggers表trigger_name的外键',
  `trigger_group` varchar(200) CHARACTER SET utf8mb4 COLLATE utf8mb4_general_ci NOT NULL COMMENT 'qrtz_triggers表trigger_group的外键',
  `cron_expression` varchar(200) CHARACTER SET utf8mb4 COLLATE utf8mb4_general_ci NOT NULL COMMENT 'cron表达式',
  `time_zone_id` varchar(80) CHARACTER SET utf8mb4 COLLATE utf8mb4_general_ci NULL DEFAULT NULL COMMENT '时区',
  PRIMARY KEY (`sched_name`, `trigger_name`, `trigger_group`) USING BTREE,
  CONSTRAINT `qrtz_cron_triggers_ibfk_1` FOREIGN KEY (`sched_name`, `trigger_name`, `trigger_group`) REFERENCES `qrtz_triggers` (`sched_name`, `trigger_name`, `trigger_group`) ON DELETE RESTRICT ON UPDATE RESTRICT
) ENGINE = InnoDB CHARACTER SET = utf8mb4 COLLATE = utf8mb4_general_ci COMMENT = 'Cron类型的触发器表' ROW_FORMAT = Dynamic;

-- ----------------------------
-- Records of qrtz_cron_triggers
-- ----------------------------

-- ----------------------------
-- Table structure for qrtz_fired_triggers
-- ----------------------------
DROP TABLE IF EXISTS `qrtz_fired_triggers`;
CREATE TABLE `qrtz_fired_triggers`  (
  `sched_name` varchar(120) CHARACTER SET utf8mb4 COLLATE utf8mb4_general_ci NOT NULL COMMENT '调度名称',
  `entry_id` varchar(95) CHARACTER SET utf8mb4 COLLATE utf8mb4_general_ci NOT NULL COMMENT '调度器实例id',
  `trigger_name` varchar(200) CHARACTER SET utf8mb4 COLLATE utf8mb4_general_ci NOT NULL COMMENT 'qrtz_triggers表trigger_name的外键',
  `trigger_group` varchar(200) CHARACTER SET utf8mb4 COLLATE utf8mb4_general_ci NOT NULL COMMENT 'qrtz_triggers表trigger_group的外键',
  `instance_name` varchar(200) CHARACTER SET utf8mb4 COLLATE utf8mb4_general_ci NOT NULL COMMENT '调度器实例名',
  `fired_time` bigint(13) NOT NULL COMMENT '触发的时间',
  `sched_time` bigint(13) NOT NULL COMMENT '定时器制定的时间',
  `priority` int(11) NOT NULL COMMENT '优先级',
  `state` varchar(16) CHARACTER SET utf8mb4 COLLATE utf8mb4_general_ci NOT NULL COMMENT '状态',
  `job_name` varchar(200) CHARACTER SET utf8mb4 COLLATE utf8mb4_general_ci NULL DEFAULT NULL COMMENT '任务名称',
  `job_group` varchar(200) CHARACTER SET utf8mb4 COLLATE utf8mb4_general_ci NULL DEFAULT NULL COMMENT '任务组名',
  `is_nonconcurrent` varchar(1) CHARACTER SET utf8mb4 COLLATE utf8mb4_general_ci NULL DEFAULT NULL COMMENT '是否并发',
  `requests_recovery` varchar(1) CHARACTER SET utf8mb4 COLLATE utf8mb4_general_ci NULL DEFAULT NULL COMMENT '是否接受恢复执行',
  PRIMARY KEY (`sched_name`, `entry_id`) USING BTREE
) ENGINE = InnoDB CHARACTER SET = utf8mb4 COLLATE = utf8mb4_general_ci COMMENT = '已触发的触发器表' ROW_FORMAT = Dynamic;

-- ----------------------------
-- Records of qrtz_fired_triggers
-- ----------------------------

-- ----------------------------
-- Table structure for qrtz_job_details
-- ----------------------------
DROP TABLE IF EXISTS `qrtz_job_details`;
CREATE TABLE `qrtz_job_details`  (
  `sched_name` varchar(120) CHARACTER SET utf8mb4 COLLATE utf8mb4_general_ci NOT NULL COMMENT '调度名称',
  `job_name` varchar(200) CHARACTER SET utf8mb4 COLLATE utf8mb4_general_ci NOT NULL COMMENT '任务名称',
  `job_group` varchar(200) CHARACTER SET utf8mb4 COLLATE utf8mb4_general_ci NOT NULL COMMENT '任务组名',
  `description` varchar(250) CHARACTER SET utf8mb4 COLLATE utf8mb4_general_ci NULL DEFAULT NULL COMMENT '相关介绍',
  `job_class_name` varchar(250) CHARACTER SET utf8mb4 COLLATE utf8mb4_general_ci NOT NULL COMMENT '执行任务类名称',
  `is_durable` varchar(1) CHARACTER SET utf8mb4 COLLATE utf8mb4_general_ci NOT NULL COMMENT '是否持久化',
  `is_nonconcurrent` varchar(1) CHARACTER SET utf8mb4 COLLATE utf8mb4_general_ci NOT NULL COMMENT '是否并发',
  `is_update_data` varchar(1) CHARACTER SET utf8mb4 COLLATE utf8mb4_general_ci NOT NULL COMMENT '是否更新数据',
  `requests_recovery` varchar(1) CHARACTER SET utf8mb4 COLLATE utf8mb4_general_ci NOT NULL COMMENT '是否接受恢复执行',
  `job_data` blob NULL COMMENT '存放持久化job对象',
  PRIMARY KEY (`sched_name`, `job_name`, `job_group`) USING BTREE
) ENGINE = InnoDB CHARACTER SET = utf8mb4 COLLATE = utf8mb4_general_ci COMMENT = '任务详细信息表' ROW_FORMAT = Dynamic;

-- ----------------------------
-- Records of qrtz_job_details
-- ----------------------------

-- ----------------------------
-- Table structure for qrtz_locks
-- ----------------------------
DROP TABLE IF EXISTS `qrtz_locks`;
CREATE TABLE `qrtz_locks`  (
  `sched_name` varchar(120) CHARACTER SET utf8mb4 COLLATE utf8mb4_general_ci NOT NULL COMMENT '调度名称',
  `lock_name` varchar(40) CHARACTER SET utf8mb4 COLLATE utf8mb4_general_ci NOT NULL COMMENT '悲观锁名称',
  PRIMARY KEY (`sched_name`, `lock_name`) USING BTREE
) ENGINE = InnoDB CHARACTER SET = utf8mb4 COLLATE = utf8mb4_general_ci COMMENT = '存储的悲观锁信息表' ROW_FORMAT = Dynamic;

-- ----------------------------
-- Records of qrtz_locks
-- ----------------------------

-- ----------------------------
-- Table structure for qrtz_paused_trigger_grps
-- ----------------------------
DROP TABLE IF EXISTS `qrtz_paused_trigger_grps`;
CREATE TABLE `qrtz_paused_trigger_grps`  (
  `sched_name` varchar(120) CHARACTER SET utf8mb4 COLLATE utf8mb4_general_ci NOT NULL COMMENT '调度名称',
  `trigger_group` varchar(200) CHARACTER SET utf8mb4 COLLATE utf8mb4_general_ci NOT NULL COMMENT 'qrtz_triggers表trigger_group的外键',
  PRIMARY KEY (`sched_name`, `trigger_group`) USING BTREE
) ENGINE = InnoDB CHARACTER SET = utf8mb4 COLLATE = utf8mb4_general_ci COMMENT = '暂停的触发器表' ROW_FORMAT = Dynamic;

-- ----------------------------
-- Records of qrtz_paused_trigger_grps
-- ----------------------------

-- ----------------------------
-- Table structure for qrtz_scheduler_state
-- ----------------------------
DROP TABLE IF EXISTS `qrtz_scheduler_state`;
CREATE TABLE `qrtz_scheduler_state`  (
  `sched_name` varchar(120) CHARACTER SET utf8mb4 COLLATE utf8mb4_general_ci NOT NULL COMMENT '调度名称',
  `instance_name` varchar(200) CHARACTER SET utf8mb4 COLLATE utf8mb4_general_ci NOT NULL COMMENT '实例名称',
  `last_checkin_time` bigint(13) NOT NULL COMMENT '上次检查时间',
  `checkin_interval` bigint(13) NOT NULL COMMENT '检查间隔时间',
  PRIMARY KEY (`sched_name`, `instance_name`) USING BTREE
) ENGINE = InnoDB CHARACTER SET = utf8mb4 COLLATE = utf8mb4_general_ci COMMENT = '调度器状态表' ROW_FORMAT = Dynamic;

-- ----------------------------
-- Records of qrtz_scheduler_state
-- ----------------------------

-- ----------------------------
-- Table structure for qrtz_simple_triggers
-- ----------------------------
DROP TABLE IF EXISTS `qrtz_simple_triggers`;
CREATE TABLE `qrtz_simple_triggers`  (
  `sched_name` varchar(120) CHARACTER SET utf8mb4 COLLATE utf8mb4_general_ci NOT NULL COMMENT '调度名称',
  `trigger_name` varchar(200) CHARACTER SET utf8mb4 COLLATE utf8mb4_general_ci NOT NULL COMMENT 'qrtz_triggers表trigger_name的外键',
  `trigger_group` varchar(200) CHARACTER SET utf8mb4 COLLATE utf8mb4_general_ci NOT NULL COMMENT 'qrtz_triggers表trigger_group的外键',
  `repeat_count` bigint(7) NOT NULL COMMENT '重复的次数统计',
  `repeat_interval` bigint(12) NOT NULL COMMENT '重复的间隔时间',
  `times_triggered` bigint(10) NOT NULL COMMENT '已经触发的次数',
  PRIMARY KEY (`sched_name`, `trigger_name`, `trigger_group`) USING BTREE,
  CONSTRAINT `qrtz_simple_triggers_ibfk_1` FOREIGN KEY (`sched_name`, `trigger_name`, `trigger_group`) REFERENCES `qrtz_triggers` (`sched_name`, `trigger_name`, `trigger_group`) ON DELETE RESTRICT ON UPDATE RESTRICT
) ENGINE = InnoDB CHARACTER SET = utf8mb4 COLLATE = utf8mb4_general_ci COMMENT = '简单触发器的信息表' ROW_FORMAT = Dynamic;

-- ----------------------------
-- Records of qrtz_simple_triggers
-- ----------------------------

-- ----------------------------
-- Table structure for qrtz_simprop_triggers
-- ----------------------------
DROP TABLE IF EXISTS `qrtz_simprop_triggers`;
CREATE TABLE `qrtz_simprop_triggers`  (
  `sched_name` varchar(120) CHARACTER SET utf8mb4 COLLATE utf8mb4_general_ci NOT NULL COMMENT '调度名称',
  `trigger_name` varchar(200) CHARACTER SET utf8mb4 COLLATE utf8mb4_general_ci NOT NULL COMMENT 'qrtz_triggers表trigger_name的外键',
  `trigger_group` varchar(200) CHARACTER SET utf8mb4 COLLATE utf8mb4_general_ci NOT NULL COMMENT 'qrtz_triggers表trigger_group的外键',
  `str_prop_1` varchar(512) CHARACTER SET utf8mb4 COLLATE utf8mb4_general_ci NULL DEFAULT NULL COMMENT 'String类型的trigger的第一个参数',
  `str_prop_2` varchar(512) CHARACTER SET utf8mb4 COLLATE utf8mb4_general_ci NULL DEFAULT NULL COMMENT 'String类型的trigger的第二个参数',
  `str_prop_3` varchar(512) CHARACTER SET utf8mb4 COLLATE utf8mb4_general_ci NULL DEFAULT NULL COMMENT 'String类型的trigger的第三个参数',
  `int_prop_1` int(11) NULL DEFAULT NULL COMMENT 'int类型的trigger的第一个参数',
  `int_prop_2` int(11) NULL DEFAULT NULL COMMENT 'int类型的trigger的第二个参数',
  `long_prop_1` bigint(20) NULL DEFAULT NULL COMMENT 'long类型的trigger的第一个参数',
  `long_prop_2` bigint(20) NULL DEFAULT NULL COMMENT 'long类型的trigger的第二个参数',
  `dec_prop_1` decimal(13, 4) NULL DEFAULT NULL COMMENT 'decimal类型的trigger的第一个参数',
  `dec_prop_2` decimal(13, 4) NULL DEFAULT NULL COMMENT 'decimal类型的trigger的第二个参数',
  `bool_prop_1` varchar(1) CHARACTER SET utf8mb4 COLLATE utf8mb4_general_ci NULL DEFAULT NULL COMMENT 'Boolean类型的trigger的第一个参数',
  `bool_prop_2` varchar(1) CHARACTER SET utf8mb4 COLLATE utf8mb4_general_ci NULL DEFAULT NULL COMMENT 'Boolean类型的trigger的第二个参数',
  PRIMARY KEY (`sched_name`, `trigger_name`, `trigger_group`) USING BTREE,
  CONSTRAINT `qrtz_simprop_triggers_ibfk_1` FOREIGN KEY (`sched_name`, `trigger_name`, `trigger_group`) REFERENCES `qrtz_triggers` (`sched_name`, `trigger_name`, `trigger_group`) ON DELETE RESTRICT ON UPDATE RESTRICT
) ENGINE = InnoDB CHARACTER SET = utf8mb4 COLLATE = utf8mb4_general_ci COMMENT = '同步机制的行锁表' ROW_FORMAT = Dynamic;

-- ----------------------------
-- Records of qrtz_simprop_triggers
-- ----------------------------

-- ----------------------------
-- Table structure for qrtz_triggers
-- ----------------------------
DROP TABLE IF EXISTS `qrtz_triggers`;
CREATE TABLE `qrtz_triggers`  (
  `sched_name` varchar(120) CHARACTER SET utf8mb4 COLLATE utf8mb4_general_ci NOT NULL COMMENT '调度名称',
  `trigger_name` varchar(200) CHARACTER SET utf8mb4 COLLATE utf8mb4_general_ci NOT NULL COMMENT '触发器的名字',
  `trigger_group` varchar(200) CHARACTER SET utf8mb4 COLLATE utf8mb4_general_ci NOT NULL COMMENT '触发器所属组的名字',
  `job_name` varchar(200) CHARACTER SET utf8mb4 COLLATE utf8mb4_general_ci NOT NULL COMMENT 'qrtz_job_details表job_name的外键',
  `job_group` varchar(200) CHARACTER SET utf8mb4 COLLATE utf8mb4_general_ci NOT NULL COMMENT 'qrtz_job_details表job_group的外键',
  `description` varchar(250) CHARACTER SET utf8mb4 COLLATE utf8mb4_general_ci NULL DEFAULT NULL COMMENT '相关介绍',
  `next_fire_time` bigint(13) NULL DEFAULT NULL COMMENT '上一次触发时间（毫秒）',
  `prev_fire_time` bigint(13) NULL DEFAULT NULL COMMENT '下一次触发时间（默认为-1表示不触发）',
  `priority` int(11) NULL DEFAULT NULL COMMENT '优先级',
  `trigger_state` varchar(16) CHARACTER SET utf8mb4 COLLATE utf8mb4_general_ci NOT NULL COMMENT '触发器状态',
  `trigger_type` varchar(8) CHARACTER SET utf8mb4 COLLATE utf8mb4_general_ci NOT NULL COMMENT '触发器的类型',
  `start_time` bigint(13) NOT NULL COMMENT '开始时间',
  `end_time` bigint(13) NULL DEFAULT NULL COMMENT '结束时间',
  `calendar_name` varchar(200) CHARACTER SET utf8mb4 COLLATE utf8mb4_general_ci NULL DEFAULT NULL COMMENT '日程表名称',
  `misfire_instr` smallint(2) NULL DEFAULT NULL COMMENT '补偿执行的策略',
  `job_data` blob NULL COMMENT '存放持久化job对象',
  PRIMARY KEY (`sched_name`, `trigger_name`, `trigger_group`) USING BTREE,
  INDEX `sched_name`(`sched_name`, `job_name`, `job_group`) USING BTREE,
  CONSTRAINT `qrtz_triggers_ibfk_1` FOREIGN KEY (`sched_name`, `job_name`, `job_group`) REFERENCES `qrtz_job_details` (`sched_name`, `job_name`, `job_group`) ON DELETE RESTRICT ON UPDATE RESTRICT
) ENGINE = InnoDB CHARACTER SET = utf8mb4 COLLATE = utf8mb4_general_ci COMMENT = '触发器详细信息表' ROW_FORMAT = Dynamic;

-- ----------------------------
-- Records of qrtz_triggers
-- ----------------------------

-- ----------------------------
-- Table structure for sys_config
-- ----------------------------
DROP TABLE IF EXISTS `sys_config`;
CREATE TABLE `sys_config`  (
  `config_id` int(5) NOT NULL AUTO_INCREMENT COMMENT '参数主键',
  `config_name` varchar(100) CHARACTER SET utf8mb4 COLLATE utf8mb4_general_ci NULL DEFAULT '' COMMENT '参数名称',
  `config_key` varchar(100) CHARACTER SET utf8mb4 COLLATE utf8mb4_general_ci NULL DEFAULT '' COMMENT '参数键名',
  `config_value` varchar(500) CHARACTER SET utf8mb4 COLLATE utf8mb4_general_ci NULL DEFAULT '' COMMENT '参数键值',
  `config_type` char(1) CHARACTER SET utf8mb4 COLLATE utf8mb4_general_ci NULL DEFAULT 'N' COMMENT '系统内置（Y是 N否）',
  `create_by` varchar(64) CHARACTER SET utf8mb4 COLLATE utf8mb4_general_ci NULL DEFAULT '' COMMENT '创建者',
  `create_time` datetime(0) NULL DEFAULT NULL COMMENT '创建时间',
  `update_by` varchar(64) CHARACTER SET utf8mb4 COLLATE utf8mb4_general_ci NULL DEFAULT '' COMMENT '更新者',
  `update_time` datetime(0) NULL DEFAULT NULL COMMENT '更新时间',
  `remark` varchar(500) CHARACTER SET utf8mb4 COLLATE utf8mb4_general_ci NULL DEFAULT NULL COMMENT '备注',
  PRIMARY KEY (`config_id`) USING BTREE
) ENGINE = InnoDB AUTO_INCREMENT = 100 CHARACTER SET = utf8mb4 COLLATE = utf8mb4_general_ci COMMENT = '参数配置表' ROW_FORMAT = Dynamic;

-- ----------------------------
-- Records of sys_config
-- ----------------------------
INSERT INTO `sys_config` VALUES (1, '主框架页-默认皮肤样式名称', 'sys.index.skinName', 'skin-blue', 'Y', 'admin', '2022-05-26 09:03:39', '', NULL, '蓝色 skin-blue、绿色 skin-green、紫色 skin-purple、红色 skin-red、黄色 skin-yellow');
INSERT INTO `sys_config` VALUES (2, '用户管理-账号初始密码', 'sys.user.initPassword', '123456', 'Y', 'admin', '2022-05-26 09:03:39', '', NULL, '初始化密码 123456');
INSERT INTO `sys_config` VALUES (3, '主框架页-侧边栏主题', 'sys.index.sideTheme', 'theme-dark', 'Y', 'admin', '2022-05-26 09:03:39', '', NULL, '深黑主题theme-dark，浅色主题theme-light，深蓝主题theme-blue');
INSERT INTO `sys_config` VALUES (4, '账号自助-是否开启用户注册功能', 'sys.account.registerUser', 'false', 'Y', 'admin', '2022-05-26 09:03:39', '', NULL, '是否开启注册用户功能（true开启，false关闭）');
INSERT INTO `sys_config` VALUES (5, '用户管理-密码字符范围', 'sys.account.chrtype', '0', 'Y', 'admin', '2022-05-26 09:03:39', '', NULL, '默认任意字符范围，0任意（密码可以输入任意字符），1数字（密码只能为0-9数字），2英文字母（密码只能为a-z和A-Z字母），3字母和数字（密码必须包含字母，数字）,4字母数字和特殊字符（目前支持的特殊字符包括：~!@#$%^&*()-=_+）');
INSERT INTO `sys_config` VALUES (6, '用户管理-初始密码修改策略', 'sys.account.initPasswordModify', '0', 'Y', 'admin', '2022-05-26 09:03:39', '', NULL, '0：初始密码修改策略关闭，没有任何提示，1：提醒用户，如果未修改初始密码，则在登录时就会提醒修改密码对话框');
INSERT INTO `sys_config` VALUES (7, '用户管理-账号密码更新周期', 'sys.account.passwordValidateDays', '0', 'Y', 'admin', '2022-05-26 09:03:39', '', NULL, '密码更新周期（填写数字，数据初始化值为0不限制，若修改必须为大于0小于365的正整数），如果超过这个周期登录系统时，则在登录时就会提醒修改密码对话框');
INSERT INTO `sys_config` VALUES (8, '主框架页-菜单导航显示风格', 'sys.index.menuStyle', 'default', 'Y', 'admin', '2022-05-26 09:03:39', '', NULL, '菜单导航显示风格（default为左侧导航菜单，topnav为顶部导航菜单）');
INSERT INTO `sys_config` VALUES (9, '主框架页-是否开启页脚', 'sys.index.footer', 'true', 'Y', 'admin', '2022-05-26 09:03:39', '', NULL, '是否开启底部页脚显示（true显示，false隐藏）');
INSERT INTO `sys_config` VALUES (10, '主框架页-是否开启页签', 'sys.index.tagsView', 'true', 'Y', 'admin', '2022-05-26 09:03:39', '', NULL, '是否开启菜单多页签显示（true显示，false隐藏）');

-- ----------------------------
-- Table structure for sys_dept
-- ----------------------------
DROP TABLE IF EXISTS `sys_dept`;
CREATE TABLE `sys_dept`  (
  `dept_id` bigint(20) NOT NULL AUTO_INCREMENT COMMENT '部门id',
  `parent_id` bigint(20) NULL DEFAULT 0 COMMENT '父部门id',
  `ancestors` varchar(50) CHARACTER SET utf8mb4 COLLATE utf8mb4_general_ci NULL DEFAULT '' COMMENT '祖级列表',
  `dept_name` varchar(30) CHARACTER SET utf8mb4 COLLATE utf8mb4_general_ci NULL DEFAULT '' COMMENT '部门名称',
  `order_num` int(4) NULL DEFAULT 0 COMMENT '显示顺序',
  `leader` varchar(20) CHARACTER SET utf8mb4 COLLATE utf8mb4_general_ci NULL DEFAULT NULL COMMENT '负责人',
  `phone` varchar(11) CHARACTER SET utf8mb4 COLLATE utf8mb4_general_ci NULL DEFAULT NULL COMMENT '联系电话',
  `email` varchar(50) CHARACTER SET utf8mb4 COLLATE utf8mb4_general_ci NULL DEFAULT NULL COMMENT '邮箱',
  `status` char(1) CHARACTER SET utf8mb4 COLLATE utf8mb4_general_ci NULL DEFAULT '0' COMMENT '部门状态（0正常 1停用）',
  `del_flag` char(1) CHARACTER SET utf8mb4 COLLATE utf8mb4_general_ci NULL DEFAULT '0' COMMENT '删除标志（0代表存在 2代表删除）',
  `create_by` varchar(64) CHARACTER SET utf8mb4 COLLATE utf8mb4_general_ci NULL DEFAULT '' COMMENT '创建者',
  `create_time` datetime(0) NULL DEFAULT NULL COMMENT '创建时间',
  `update_by` varchar(64) CHARACTER SET utf8mb4 COLLATE utf8mb4_general_ci NULL DEFAULT '' COMMENT '更新者',
  `update_time` datetime(0) NULL DEFAULT NULL COMMENT '更新时间',
  PRIMARY KEY (`dept_id`) USING BTREE
) ENGINE = InnoDB AUTO_INCREMENT = 200 CHARACTER SET = utf8mb4 COLLATE = utf8mb4_general_ci COMMENT = '部门表' ROW_FORMAT = Dynamic;

-- ----------------------------
-- Records of sys_dept
-- ----------------------------
INSERT INTO `sys_dept` VALUES (100, 0, '0', '若依科技', 0, '若依', '15888888888', 'ry@qq.com', '0', '0', 'admin', '2022-05-26 09:03:35', '', NULL);
INSERT INTO `sys_dept` VALUES (101, 100, '0,100', '深圳总公司', 1, '若依', '15888888888', 'ry@qq.com', '0', '0', 'admin', '2022-05-26 09:03:35', '', NULL);
INSERT INTO `sys_dept` VALUES (102, 100, '0,100', '长沙分公司', 2, '若依', '15888888888', 'ry@qq.com', '0', '0', 'admin', '2022-05-26 09:03:35', '', NULL);
INSERT INTO `sys_dept` VALUES (103, 101, '0,100,101', '研发部门', 1, '若依', '15888888888', 'ry@qq.com', '0', '0', 'admin', '2022-05-26 09:03:35', '', NULL);
INSERT INTO `sys_dept` VALUES (104, 101, '0,100,101', '市场部门', 2, '若依', '15888888888', 'ry@qq.com', '0', '0', 'admin', '2022-05-26 09:03:35', '', NULL);
INSERT INTO `sys_dept` VALUES (105, 101, '0,100,101', '测试部门', 3, '若依', '15888888888', 'ry@qq.com', '0', '0', 'admin', '2022-05-26 09:03:35', '', NULL);
INSERT INTO `sys_dept` VALUES (106, 101, '0,100,101', '财务部门', 4, '若依', '15888888888', 'ry@qq.com', '0', '0', 'admin', '2022-05-26 09:03:35', '', NULL);
INSERT INTO `sys_dept` VALUES (107, 101, '0,100,101', '运维部门', 5, '若依', '15888888888', 'ry@qq.com', '0', '0', 'admin', '2022-05-26 09:03:35', '', NULL);
INSERT INTO `sys_dept` VALUES (108, 102, '0,100,102', '市场部门', 1, '若依', '15888888888', 'ry@qq.com', '0', '0', 'admin', '2022-05-26 09:03:35', '', NULL);
INSERT INTO `sys_dept` VALUES (109, 102, '0,100,102', '财务部门', 2, '若依', '15888888888', 'ry@qq.com', '0', '0', 'admin', '2022-05-26 09:03:35', '', NULL);

-- ----------------------------
-- Table structure for sys_dict_data
-- ----------------------------
DROP TABLE IF EXISTS `sys_dict_data`;
CREATE TABLE `sys_dict_data`  (
  `dict_code` bigint(20) NOT NULL AUTO_INCREMENT COMMENT '字典编码',
  `dict_sort` int(4) NULL DEFAULT 0 COMMENT '字典排序',
  `dict_label` varchar(100) CHARACTER SET utf8mb4 COLLATE utf8mb4_general_ci NULL DEFAULT '' COMMENT '字典标签',
  `dict_value` varchar(100) CHARACTER SET utf8mb4 COLLATE utf8mb4_general_ci NULL DEFAULT '' COMMENT '字典键值',
  `dict_type` varchar(100) CHARACTER SET utf8mb4 COLLATE utf8mb4_general_ci NULL DEFAULT '' COMMENT '字典类型',
  `css_class` varchar(100) CHARACTER SET utf8mb4 COLLATE utf8mb4_general_ci NULL DEFAULT NULL COMMENT '样式属性（其他样式扩展）',
  `list_class` varchar(100) CHARACTER SET utf8mb4 COLLATE utf8mb4_general_ci NULL DEFAULT NULL COMMENT '表格回显样式',
  `is_default` char(1) CHARACTER SET utf8mb4 COLLATE utf8mb4_general_ci NULL DEFAULT 'N' COMMENT '是否默认（Y是 N否）',
  `status` char(1) CHARACTER SET utf8mb4 COLLATE utf8mb4_general_ci NULL DEFAULT '0' COMMENT '状态（0正常 1停用）',
  `create_by` varchar(64) CHARACTER SET utf8mb4 COLLATE utf8mb4_general_ci NULL DEFAULT '' COMMENT '创建者',
  `create_time` datetime(0) NULL DEFAULT NULL COMMENT '创建时间',
  `update_by` varchar(64) CHARACTER SET utf8mb4 COLLATE utf8mb4_general_ci NULL DEFAULT '' COMMENT '更新者',
  `update_time` datetime(0) NULL DEFAULT NULL COMMENT '更新时间',
  `remark` varchar(500) CHARACTER SET utf8mb4 COLLATE utf8mb4_general_ci NULL DEFAULT NULL COMMENT '备注',
  PRIMARY KEY (`dict_code`) USING BTREE
) ENGINE = InnoDB AUTO_INCREMENT = 100 CHARACTER SET = utf8mb4 COLLATE = utf8mb4_general_ci COMMENT = '字典数据表' ROW_FORMAT = Dynamic;

-- ----------------------------
-- Records of sys_dict_data
-- ----------------------------
INSERT INTO `sys_dict_data` VALUES (1, 1, '男', '0', 'sys_user_sex', '', '', 'Y', '0', 'admin', '2022-05-26 09:03:39', '', NULL, '性别男');
INSERT INTO `sys_dict_data` VALUES (2, 2, '女', '1', 'sys_user_sex', '', '', 'N', '0', 'admin', '2022-05-26 09:03:39', '', NULL, '性别女');
INSERT INTO `sys_dict_data` VALUES (3, 3, '未知', '2', 'sys_user_sex', '', '', 'N', '0', 'admin', '2022-05-26 09:03:39', '', NULL, '性别未知');
INSERT INTO `sys_dict_data` VALUES (4, 1, '显示', '0', 'sys_show_hide', '', 'primary', 'Y', '0', 'admin', '2022-05-26 09:03:39', '', NULL, '显示菜单');
INSERT INTO `sys_dict_data` VALUES (5, 2, '隐藏', '1', 'sys_show_hide', '', 'danger', 'N', '0', 'admin', '2022-05-26 09:03:39', '', NULL, '隐藏菜单');
INSERT INTO `sys_dict_data` VALUES (6, 1, '正常', '0', 'sys_normal_disable', '', 'primary', 'Y', '0', 'admin', '2022-05-26 09:03:39', '', NULL, '正常状态');
INSERT INTO `sys_dict_data` VALUES (7, 2, '停用', '1', 'sys_normal_disable', '', 'danger', 'N', '0', 'admin', '2022-05-26 09:03:39', '', NULL, '停用状态');
INSERT INTO `sys_dict_data` VALUES (8, 1, '正常', '0', 'sys_job_status', '', 'primary', 'Y', '0', 'admin', '2022-05-26 09:03:39', '', NULL, '正常状态');
INSERT INTO `sys_dict_data` VALUES (9, 2, '暂停', '1', 'sys_job_status', '', 'danger', 'N', '0', 'admin', '2022-05-26 09:03:39', '', NULL, '停用状态');
INSERT INTO `sys_dict_data` VALUES (10, 1, '默认', 'DEFAULT', 'sys_job_group', '', '', 'Y', '0', 'admin', '2022-05-26 09:03:39', '', NULL, '默认分组');
INSERT INTO `sys_dict_data` VALUES (11, 2, '系统', 'SYSTEM', 'sys_job_group', '', '', 'N', '0', 'admin', '2022-05-26 09:03:39', '', NULL, '系统分组');
INSERT INTO `sys_dict_data` VALUES (12, 1, '是', 'Y', 'sys_yes_no', '', 'primary', 'Y', '0', 'admin', '2022-05-26 09:03:39', '', NULL, '系统默认是');
INSERT INTO `sys_dict_data` VALUES (13, 2, '否', 'N', 'sys_yes_no', '', 'danger', 'N', '0', 'admin', '2022-05-26 09:03:39', '', NULL, '系统默认否');
INSERT INTO `sys_dict_data` VALUES (14, 1, '通知', '1', 'sys_notice_type', '', 'warning', 'Y', '0', 'admin', '2022-05-26 09:03:39', '', NULL, '通知');
INSERT INTO `sys_dict_data` VALUES (15, 2, '公告', '2', 'sys_notice_type', '', 'success', 'N', '0', 'admin', '2022-05-26 09:03:39', '', NULL, '公告');
INSERT INTO `sys_dict_data` VALUES (16, 1, '正常', '0', 'sys_notice_status', '', 'primary', 'Y', '0', 'admin', '2022-05-26 09:03:39', '', NULL, '正常状态');
INSERT INTO `sys_dict_data` VALUES (17, 2, '关闭', '1', 'sys_notice_status', '', 'danger', 'N', '0', 'admin', '2022-05-26 09:03:39', '', NULL, '关闭状态');
INSERT INTO `sys_dict_data` VALUES (18, 99, '其他', '0', 'sys_oper_type', '', 'info', 'N', '0', 'admin', '2022-05-26 09:03:39', '', NULL, '其他操作');
INSERT INTO `sys_dict_data` VALUES (19, 1, '新增', '1', 'sys_oper_type', '', 'info', 'N', '0', 'admin', '2022-05-26 09:03:39', '', NULL, '新增操作');
INSERT INTO `sys_dict_data` VALUES (20, 2, '修改', '2', 'sys_oper_type', '', 'info', 'N', '0', 'admin', '2022-05-26 09:03:39', '', NULL, '修改操作');
INSERT INTO `sys_dict_data` VALUES (21, 3, '删除', '3', 'sys_oper_type', '', 'danger', 'N', '0', 'admin', '2022-05-26 09:03:39', '', NULL, '删除操作');
INSERT INTO `sys_dict_data` VALUES (22, 4, '授权', '4', 'sys_oper_type', '', 'primary', 'N', '0', 'admin', '2022-05-26 09:03:39', '', NULL, '授权操作');
INSERT INTO `sys_dict_data` VALUES (23, 5, '导出', '5', 'sys_oper_type', '', 'warning', 'N', '0', 'admin', '2022-05-26 09:03:39', '', NULL, '导出操作');
INSERT INTO `sys_dict_data` VALUES (24, 6, '导入', '6', 'sys_oper_type', '', 'warning', 'N', '0', 'admin', '2022-05-26 09:03:39', '', NULL, '导入操作');
INSERT INTO `sys_dict_data` VALUES (25, 7, '强退', '7', 'sys_oper_type', '', 'danger', 'N', '0', 'admin', '2022-05-26 09:03:39', '', NULL, '强退操作');
INSERT INTO `sys_dict_data` VALUES (26, 8, '生成代码', '8', 'sys_oper_type', '', 'warning', 'N', '0', 'admin', '2022-05-26 09:03:39', '', NULL, '生成操作');
INSERT INTO `sys_dict_data` VALUES (27, 9, '清空数据', '9', 'sys_oper_type', '', 'danger', 'N', '0', 'admin', '2022-05-26 09:03:39', '', NULL, '清空操作');
INSERT INTO `sys_dict_data` VALUES (28, 1, '成功', '0', 'sys_common_status', '', 'primary', 'N', '0', 'admin', '2022-05-26 09:03:39', '', NULL, '正常状态');
INSERT INTO `sys_dict_data` VALUES (29, 2, '失败', '1', 'sys_common_status', '', 'danger', 'N', '0', 'admin', '2022-05-26 09:03:39', '', NULL, '停用状态');

-- ----------------------------
-- Table structure for sys_dict_type
-- ----------------------------
DROP TABLE IF EXISTS `sys_dict_type`;
CREATE TABLE `sys_dict_type`  (
  `dict_id` bigint(20) NOT NULL AUTO_INCREMENT COMMENT '字典主键',
  `dict_name` varchar(100) CHARACTER SET utf8mb4 COLLATE utf8mb4_general_ci NULL DEFAULT '' COMMENT '字典名称',
  `dict_type` varchar(100) CHARACTER SET utf8mb4 COLLATE utf8mb4_general_ci NULL DEFAULT '' COMMENT '字典类型',
  `status` char(1) CHARACTER SET utf8mb4 COLLATE utf8mb4_general_ci NULL DEFAULT '0' COMMENT '状态（0正常 1停用）',
  `create_by` varchar(64) CHARACTER SET utf8mb4 COLLATE utf8mb4_general_ci NULL DEFAULT '' COMMENT '创建者',
  `create_time` datetime(0) NULL DEFAULT NULL COMMENT '创建时间',
  `update_by` varchar(64) CHARACTER SET utf8mb4 COLLATE utf8mb4_general_ci NULL DEFAULT '' COMMENT '更新者',
  `update_time` datetime(0) NULL DEFAULT NULL COMMENT '更新时间',
  `remark` varchar(500) CHARACTER SET utf8mb4 COLLATE utf8mb4_general_ci NULL DEFAULT NULL COMMENT '备注',
  PRIMARY KEY (`dict_id`) USING BTREE,
  UNIQUE INDEX `dict_type`(`dict_type`) USING BTREE
) ENGINE = InnoDB AUTO_INCREMENT = 100 CHARACTER SET = utf8mb4 COLLATE = utf8mb4_general_ci COMMENT = '字典类型表' ROW_FORMAT = Dynamic;

-- ----------------------------
-- Records of sys_dict_type
-- ----------------------------
INSERT INTO `sys_dict_type` VALUES (1, '用户性别', 'sys_user_sex', '0', 'admin', '2022-05-26 09:03:38', '', NULL, '用户性别列表');
INSERT INTO `sys_dict_type` VALUES (2, '菜单状态', 'sys_show_hide', '0', 'admin', '2022-05-26 09:03:38', '', NULL, '菜单状态列表');
INSERT INTO `sys_dict_type` VALUES (3, '系统开关', 'sys_normal_disable', '0', 'admin', '2022-05-26 09:03:38', '', NULL, '系统开关列表');
INSERT INTO `sys_dict_type` VALUES (4, '任务状态', 'sys_job_status', '0', 'admin', '2022-05-26 09:03:38', '', NULL, '任务状态列表');
INSERT INTO `sys_dict_type` VALUES (5, '任务分组', 'sys_job_group', '0', 'admin', '2022-05-26 09:03:38', '', NULL, '任务分组列表');
INSERT INTO `sys_dict_type` VALUES (6, '系统是否', 'sys_yes_no', '0', 'admin', '2022-05-26 09:03:38', '', NULL, '系统是否列表');
INSERT INTO `sys_dict_type` VALUES (7, '通知类型', 'sys_notice_type', '0', 'admin', '2022-05-26 09:03:38', '', NULL, '通知类型列表');
INSERT INTO `sys_dict_type` VALUES (8, '通知状态', 'sys_notice_status', '0', 'admin', '2022-05-26 09:03:38', '', NULL, '通知状态列表');
INSERT INTO `sys_dict_type` VALUES (9, '操作类型', 'sys_oper_type', '0', 'admin', '2022-05-26 09:03:38', '', NULL, '操作类型列表');
INSERT INTO `sys_dict_type` VALUES (10, '系统状态', 'sys_common_status', '0', 'admin', '2022-05-26 09:03:38', '', NULL, '登录状态列表');

-- ----------------------------
-- Table structure for sys_job
-- ----------------------------
DROP TABLE IF EXISTS `sys_job`;
CREATE TABLE `sys_job`  (
  `job_id` bigint(20) NOT NULL AUTO_INCREMENT COMMENT '任务ID',
  `job_name` varchar(64) CHARACTER SET utf8mb4 COLLATE utf8mb4_general_ci NOT NULL DEFAULT '' COMMENT '任务名称',
  `job_group` varchar(64) CHARACTER SET utf8mb4 COLLATE utf8mb4_general_ci NOT NULL DEFAULT 'DEFAULT' COMMENT '任务组名',
  `invoke_target` varchar(500) CHARACTER SET utf8mb4 COLLATE utf8mb4_general_ci NOT NULL COMMENT '调用目标字符串',
  `cron_expression` varchar(255) CHARACTER SET utf8mb4 COLLATE utf8mb4_general_ci NULL DEFAULT '' COMMENT 'cron执行表达式',
  `misfire_policy` varchar(20) CHARACTER SET utf8mb4 COLLATE utf8mb4_general_ci NULL DEFAULT '3' COMMENT '计划执行错误策略（1立即执行 2执行一次 3放弃执行）',
  `concurrent` char(1) CHARACTER SET utf8mb4 COLLATE utf8mb4_general_ci NULL DEFAULT '1' COMMENT '是否并发执行（0允许 1禁止）',
  `status` char(1) CHARACTER SET utf8mb4 COLLATE utf8mb4_general_ci NULL DEFAULT '0' COMMENT '状态（0正常 1暂停）',
  `create_by` varchar(64) CHARACTER SET utf8mb4 COLLATE utf8mb4_general_ci NULL DEFAULT '' COMMENT '创建者',
  `create_time` datetime(0) NULL DEFAULT NULL COMMENT '创建时间',
  `update_by` varchar(64) CHARACTER SET utf8mb4 COLLATE utf8mb4_general_ci NULL DEFAULT '' COMMENT '更新者',
  `update_time` datetime(0) NULL DEFAULT NULL COMMENT '更新时间',
  `remark` varchar(500) CHARACTER SET utf8mb4 COLLATE utf8mb4_general_ci NULL DEFAULT '' COMMENT '备注信息',
  PRIMARY KEY (`job_id`, `job_name`, `job_group`) USING BTREE
) ENGINE = InnoDB AUTO_INCREMENT = 100 CHARACTER SET = utf8mb4 COLLATE = utf8mb4_general_ci COMMENT = '定时任务调度表' ROW_FORMAT = Dynamic;

-- ----------------------------
-- Records of sys_job
-- ----------------------------
INSERT INTO `sys_job` VALUES (1, '系统默认（无参）', 'DEFAULT', 'ryTask.ryNoParams', '0/10 * * * * ?', '3', '1', '1', 'admin', '2022-05-26 09:03:40', '', NULL, '');
INSERT INTO `sys_job` VALUES (2, '系统默认（有参）', 'DEFAULT', 'ryTask.ryParams(\'ry\')', '0/15 * * * * ?', '3', '1', '1', 'admin', '2022-05-26 09:03:40', '', NULL, '');
INSERT INTO `sys_job` VALUES (3, '系统默认（多参）', 'DEFAULT', 'ryTask.ryMultipleParams(\'ry\', true, 2000L, 316.50D, 100)', '0/20 * * * * ?', '3', '1', '1', 'admin', '2022-05-26 09:03:40', '', NULL, '');

-- ----------------------------
-- Table structure for sys_job_log
-- ----------------------------
DROP TABLE IF EXISTS `sys_job_log`;
CREATE TABLE `sys_job_log`  (
  `job_log_id` bigint(20) NOT NULL AUTO_INCREMENT COMMENT '任务日志ID',
  `job_name` varchar(64) CHARACTER SET utf8mb4 COLLATE utf8mb4_general_ci NOT NULL COMMENT '任务名称',
  `job_group` varchar(64) CHARACTER SET utf8mb4 COLLATE utf8mb4_general_ci NOT NULL COMMENT '任务组名',
  `invoke_target` varchar(500) CHARACTER SET utf8mb4 COLLATE utf8mb4_general_ci NOT NULL COMMENT '调用目标字符串',
  `job_message` varchar(500) CHARACTER SET utf8mb4 COLLATE utf8mb4_general_ci NULL DEFAULT NULL COMMENT '日志信息',
  `status` char(1) CHARACTER SET utf8mb4 COLLATE utf8mb4_general_ci NULL DEFAULT '0' COMMENT '执行状态（0正常 1失败）',
  `exception_info` varchar(2000) CHARACTER SET utf8mb4 COLLATE utf8mb4_general_ci NULL DEFAULT '' COMMENT '异常信息',
  `create_time` datetime(0) NULL DEFAULT NULL COMMENT '创建时间',
  PRIMARY KEY (`job_log_id`) USING BTREE
) ENGINE = InnoDB AUTO_INCREMENT = 1 CHARACTER SET = utf8mb4 COLLATE = utf8mb4_general_ci COMMENT = '定时任务调度日志表' ROW_FORMAT = Dynamic;

-- ----------------------------
-- Records of sys_job_log
-- ----------------------------

-- ----------------------------
-- Table structure for sys_logininfor
-- ----------------------------
DROP TABLE IF EXISTS `sys_logininfor`;
CREATE TABLE `sys_logininfor`  (
  `info_id` bigint(20) NOT NULL AUTO_INCREMENT COMMENT '访问ID',
  `login_name` varchar(50) CHARACTER SET utf8mb4 COLLATE utf8mb4_general_ci NULL DEFAULT '' COMMENT '登录账号',
  `ipaddr` varchar(128) CHARACTER SET utf8mb4 COLLATE utf8mb4_general_ci NULL DEFAULT '' COMMENT '登录IP地址',
  `login_location` varchar(255) CHARACTER SET utf8mb4 COLLATE utf8mb4_general_ci NULL DEFAULT '' COMMENT '登录地点',
  `browser` varchar(50) CHARACTER SET utf8mb4 COLLATE utf8mb4_general_ci NULL DEFAULT '' COMMENT '浏览器类型',
  `os` varchar(50) CHARACTER SET utf8mb4 COLLATE utf8mb4_general_ci NULL DEFAULT '' COMMENT '操作系统',
  `status` char(1) CHARACTER SET utf8mb4 COLLATE utf8mb4_general_ci NULL DEFAULT '0' COMMENT '登录状态（0成功 1失败）',
  `msg` varchar(255) CHARACTER SET utf8mb4 COLLATE utf8mb4_general_ci NULL DEFAULT '' COMMENT '提示消息',
  `login_time` datetime(0) NULL DEFAULT NULL COMMENT '访问时间',
  PRIMARY KEY (`info_id`) USING BTREE
) ENGINE = InnoDB AUTO_INCREMENT = 107 CHARACTER SET = utf8mb4 COLLATE = utf8mb4_general_ci COMMENT = '系统访问记录' ROW_FORMAT = Dynamic;

-- ----------------------------
-- Records of sys_logininfor
-- ----------------------------
INSERT INTO `sys_logininfor` VALUES (100, 'admin', '127.0.0.1', '内网IP', 'Chrome 10', 'Windows 10', '0', '登录成功', '2022-05-27 14:16:31');
INSERT INTO `sys_logininfor` VALUES (101, 'admin', '127.0.0.1', '内网IP', 'Chrome 10', 'Windows 10', '0', '登录成功', '2022-05-27 15:37:09');
INSERT INTO `sys_logininfor` VALUES (102, 'admin', '127.0.0.1', '内网IP', 'Chrome 10', 'Windows 10', '0', '登录成功', '2022-05-27 15:45:03');
INSERT INTO `sys_logininfor` VALUES (103, 'admin', '127.0.0.1', '内网IP', 'Chrome 10', 'Windows 10', '0', '登录成功', '2022-05-27 15:50:25');
INSERT INTO `sys_logininfor` VALUES (104, 'admin', '127.0.0.1', '内网IP', 'Chrome 10', 'Windows 10', '0', '登录成功', '2022-05-27 15:51:32');
INSERT INTO `sys_logininfor` VALUES (105, 'admin', '127.0.0.1', '内网IP', 'Chrome 10', 'Windows 10', '0', '登录成功', '2022-05-27 16:01:18');
INSERT INTO `sys_logininfor` VALUES (106, 'admin', '127.0.0.1', '内网IP', 'Chrome 10', 'Windows 10', '0', '登录成功', '2022-05-28 14:11:34');

-- ----------------------------
-- Table structure for sys_menu
-- ----------------------------
DROP TABLE IF EXISTS `sys_menu`;
CREATE TABLE `sys_menu`  (
  `menu_id` bigint(20) NOT NULL AUTO_INCREMENT COMMENT '菜单ID',
  `menu_name` varchar(50) CHARACTER SET utf8mb4 COLLATE utf8mb4_general_ci NOT NULL COMMENT '菜单名称',
  `parent_id` bigint(20) NULL DEFAULT 0 COMMENT '父菜单ID',
  `order_num` int(4) NULL DEFAULT 0 COMMENT '显示顺序',
  `url` varchar(200) CHARACTER SET utf8mb4 COLLATE utf8mb4_general_ci NULL DEFAULT '#' COMMENT '请求地址',
  `target` varchar(20) CHARACTER SET utf8mb4 COLLATE utf8mb4_general_ci NULL DEFAULT '' COMMENT '打开方式（menuItem页签 menuBlank新窗口）',
  `menu_type` char(1) CHARACTER SET utf8mb4 COLLATE utf8mb4_general_ci NULL DEFAULT '' COMMENT '菜单类型（M目录 C菜单 F按钮）',
  `visible` char(1) CHARACTER SET utf8mb4 COLLATE utf8mb4_general_ci NULL DEFAULT '0' COMMENT '菜单状态（0显示 1隐藏）',
  `is_refresh` char(1) CHARACTER SET utf8mb4 COLLATE utf8mb4_general_ci NULL DEFAULT '1' COMMENT '是否刷新（0刷新 1不刷新）',
  `perms` varchar(100) CHARACTER SET utf8mb4 COLLATE utf8mb4_general_ci NULL DEFAULT NULL COMMENT '权限标识',
  `icon` varchar(100) CHARACTER SET utf8mb4 COLLATE utf8mb4_general_ci NULL DEFAULT '#' COMMENT '菜单图标',
  `create_by` varchar(64) CHARACTER SET utf8mb4 COLLATE utf8mb4_general_ci NULL DEFAULT '' COMMENT '创建者',
  `create_time` datetime(0) NULL DEFAULT NULL COMMENT '创建时间',
  `update_by` varchar(64) CHARACTER SET utf8mb4 COLLATE utf8mb4_general_ci NULL DEFAULT '' COMMENT '更新者',
  `update_time` datetime(0) NULL DEFAULT NULL COMMENT '更新时间',
  `remark` varchar(500) CHARACTER SET utf8mb4 COLLATE utf8mb4_general_ci NULL DEFAULT '' COMMENT '备注',
  PRIMARY KEY (`menu_id`) USING BTREE
) ENGINE = InnoDB AUTO_INCREMENT = 2073 CHARACTER SET = utf8mb4 COLLATE = utf8mb4_general_ci COMMENT = '菜单权限表' ROW_FORMAT = Dynamic;

-- ----------------------------
-- Records of sys_menu
-- ----------------------------
INSERT INTO `sys_menu` VALUES (1, '系统管理', 0, 1, '#', '', 'M', '0', '1', '', 'fa fa-gear', 'admin', '2022-05-26 09:03:37', '', NULL, '系统管理目录');
INSERT INTO `sys_menu` VALUES (2, '系统监控', 0, 2, '#', '', 'M', '0', '1', '', 'fa fa-video-camera', 'admin', '2022-05-26 09:03:37', '', NULL, '系统监控目录');
INSERT INTO `sys_menu` VALUES (3, '系统工具', 0, 3, '#', '', 'M', '0', '1', '', 'fa fa-bars', 'admin', '2022-05-26 09:03:37', '', NULL, '系统工具目录');
INSERT INTO `sys_menu` VALUES (4, '若依官网', 0, 4, 'http://ruoyi.vip', 'menuBlank', 'C', '0', '1', '', 'fa fa-location-arrow', 'admin', '2022-05-26 09:03:37', '', NULL, '若依官网地址');
INSERT INTO `sys_menu` VALUES (100, '用户管理', 1, 1, '/system/user', '', 'C', '0', '1', 'system:user:view', 'fa fa-user-o', 'admin', '2022-05-26 09:03:37', '', NULL, '用户管理菜单');
INSERT INTO `sys_menu` VALUES (101, '角色管理', 1, 2, '/system/role', '', 'C', '0', '1', 'system:role:view', 'fa fa-user-secret', 'admin', '2022-05-26 09:03:37', '', NULL, '角色管理菜单');
INSERT INTO `sys_menu` VALUES (102, '菜单管理', 1, 3, '/system/menu', '', 'C', '0', '1', 'system:menu:view', 'fa fa-th-list', 'admin', '2022-05-26 09:03:37', '', NULL, '菜单管理菜单');
INSERT INTO `sys_menu` VALUES (103, '部门管理', 1, 4, '/system/dept', '', 'C', '0', '1', 'system:dept:view', 'fa fa-outdent', 'admin', '2022-05-26 09:03:37', '', NULL, '部门管理菜单');
INSERT INTO `sys_menu` VALUES (104, '岗位管理', 1, 5, '/system/post', '', 'C', '0', '1', 'system:post:view', 'fa fa-address-card-o', 'admin', '2022-05-26 09:03:37', '', NULL, '岗位管理菜单');
INSERT INTO `sys_menu` VALUES (105, '字典管理', 1, 6, '/system/dict', '', 'C', '0', '1', 'system:dict:view', 'fa fa-bookmark-o', 'admin', '2022-05-26 09:03:37', '', NULL, '字典管理菜单');
INSERT INTO `sys_menu` VALUES (106, '参数设置', 1, 7, '/system/config', '', 'C', '0', '1', 'system:config:view', 'fa fa-sun-o', 'admin', '2022-05-26 09:03:37', '', NULL, '参数设置菜单');
INSERT INTO `sys_menu` VALUES (107, '通知公告', 1, 8, '/system/notice', '', 'C', '0', '1', 'system:notice:view', 'fa fa-bullhorn', 'admin', '2022-05-26 09:03:37', '', NULL, '通知公告菜单');
INSERT INTO `sys_menu` VALUES (108, '日志管理', 1, 9, '#', '', 'M', '0', '1', '', 'fa fa-pencil-square-o', 'admin', '2022-05-26 09:03:37', '', NULL, '日志管理菜单');
INSERT INTO `sys_menu` VALUES (109, '在线用户', 2, 1, '/monitor/online', '', 'C', '0', '1', 'monitor:online:view', 'fa fa-user-circle', 'admin', '2022-05-26 09:03:37', '', NULL, '在线用户菜单');
INSERT INTO `sys_menu` VALUES (110, '定时任务', 2, 2, '/monitor/job', '', 'C', '0', '1', 'monitor:job:view', 'fa fa-tasks', 'admin', '2022-05-26 09:03:37', '', NULL, '定时任务菜单');
INSERT INTO `sys_menu` VALUES (111, '数据监控', 2, 3, '/monitor/data', '', 'C', '0', '1', 'monitor:data:view', 'fa fa-bug', 'admin', '2022-05-26 09:03:37', '', NULL, '数据监控菜单');
INSERT INTO `sys_menu` VALUES (112, '服务监控', 2, 4, '/monitor/server', '', 'C', '0', '1', 'monitor:server:view', 'fa fa-server', 'admin', '2022-05-26 09:03:37', '', NULL, '服务监控菜单');
INSERT INTO `sys_menu` VALUES (113, '缓存监控', 2, 5, '/monitor/cache', '', 'C', '0', '1', 'monitor:cache:view', 'fa fa-cube', 'admin', '2022-05-26 09:03:37', '', NULL, '缓存监控菜单');
INSERT INTO `sys_menu` VALUES (114, '表单构建', 3, 1, '/tool/build', '', 'C', '0', '1', 'tool:build:view', 'fa fa-wpforms', 'admin', '2022-05-26 09:03:37', '', NULL, '表单构建菜单');
INSERT INTO `sys_menu` VALUES (115, '代码生成', 3, 2, '/tool/gen', '', 'C', '0', '1', 'tool:gen:view', 'fa fa-code', 'admin', '2022-05-26 09:03:37', '', NULL, '代码生成菜单');
INSERT INTO `sys_menu` VALUES (116, '系统接口', 3, 3, '/tool/swagger', '', 'C', '0', '1', 'tool:swagger:view', 'fa fa-gg', 'admin', '2022-05-26 09:03:37', '', NULL, '系统接口菜单');
INSERT INTO `sys_menu` VALUES (500, '操作日志', 108, 1, '/monitor/operlog', '', 'C', '0', '1', 'monitor:operlog:view', 'fa fa-address-book', 'admin', '2022-05-26 09:03:37', '', NULL, '操作日志菜单');
INSERT INTO `sys_menu` VALUES (501, '登录日志', 108, 2, '/monitor/logininfor', '', 'C', '0', '1', 'monitor:logininfor:view', 'fa fa-file-image-o', 'admin', '2022-05-26 09:03:37', '', NULL, '登录日志菜单');
INSERT INTO `sys_menu` VALUES (1000, '用户查询', 100, 1, '#', '', 'F', '0', '1', 'system:user:list', '#', 'admin', '2022-05-26 09:03:37', '', NULL, '');
INSERT INTO `sys_menu` VALUES (1001, '用户新增', 100, 2, '#', '', 'F', '0', '1', 'system:user:add', '#', 'admin', '2022-05-26 09:03:37', '', NULL, '');
INSERT INTO `sys_menu` VALUES (1002, '用户修改', 100, 3, '#', '', 'F', '0', '1', 'system:user:edit', '#', 'admin', '2022-05-26 09:03:37', '', NULL, '');
INSERT INTO `sys_menu` VALUES (1003, '用户删除', 100, 4, '#', '', 'F', '0', '1', 'system:user:remove', '#', 'admin', '2022-05-26 09:03:37', '', NULL, '');
INSERT INTO `sys_menu` VALUES (1004, '用户导出', 100, 5, '#', '', 'F', '0', '1', 'system:user:export', '#', 'admin', '2022-05-26 09:03:37', '', NULL, '');
INSERT INTO `sys_menu` VALUES (1005, '用户导入', 100, 6, '#', '', 'F', '0', '1', 'system:user:import', '#', 'admin', '2022-05-26 09:03:37', '', NULL, '');
INSERT INTO `sys_menu` VALUES (1006, '重置密码', 100, 7, '#', '', 'F', '0', '1', 'system:user:resetPwd', '#', 'admin', '2022-05-26 09:03:37', '', NULL, '');
INSERT INTO `sys_menu` VALUES (1007, '角色查询', 101, 1, '#', '', 'F', '0', '1', 'system:role:list', '#', 'admin', '2022-05-26 09:03:37', '', NULL, '');
INSERT INTO `sys_menu` VALUES (1008, '角色新增', 101, 2, '#', '', 'F', '0', '1', 'system:role:add', '#', 'admin', '2022-05-26 09:03:37', '', NULL, '');
INSERT INTO `sys_menu` VALUES (1009, '角色修改', 101, 3, '#', '', 'F', '0', '1', 'system:role:edit', '#', 'admin', '2022-05-26 09:03:37', '', NULL, '');
INSERT INTO `sys_menu` VALUES (1010, '角色删除', 101, 4, '#', '', 'F', '0', '1', 'system:role:remove', '#', 'admin', '2022-05-26 09:03:37', '', NULL, '');
INSERT INTO `sys_menu` VALUES (1011, '角色导出', 101, 5, '#', '', 'F', '0', '1', 'system:role:export', '#', 'admin', '2022-05-26 09:03:37', '', NULL, '');
INSERT INTO `sys_menu` VALUES (1012, '菜单查询', 102, 1, '#', '', 'F', '0', '1', 'system:menu:list', '#', 'admin', '2022-05-26 09:03:37', '', NULL, '');
INSERT INTO `sys_menu` VALUES (1013, '菜单新增', 102, 2, '#', '', 'F', '0', '1', 'system:menu:add', '#', 'admin', '2022-05-26 09:03:37', '', NULL, '');
INSERT INTO `sys_menu` VALUES (1014, '菜单修改', 102, 3, '#', '', 'F', '0', '1', 'system:menu:edit', '#', 'admin', '2022-05-26 09:03:37', '', NULL, '');
INSERT INTO `sys_menu` VALUES (1015, '菜单删除', 102, 4, '#', '', 'F', '0', '1', 'system:menu:remove', '#', 'admin', '2022-05-26 09:03:37', '', NULL, '');
INSERT INTO `sys_menu` VALUES (1016, '部门查询', 103, 1, '#', '', 'F', '0', '1', 'system:dept:list', '#', 'admin', '2022-05-26 09:03:37', '', NULL, '');
INSERT INTO `sys_menu` VALUES (1017, '部门新增', 103, 2, '#', '', 'F', '0', '1', 'system:dept:add', '#', 'admin', '2022-05-26 09:03:37', '', NULL, '');
INSERT INTO `sys_menu` VALUES (1018, '部门修改', 103, 3, '#', '', 'F', '0', '1', 'system:dept:edit', '#', 'admin', '2022-05-26 09:03:37', '', NULL, '');
INSERT INTO `sys_menu` VALUES (1019, '部门删除', 103, 4, '#', '', 'F', '0', '1', 'system:dept:remove', '#', 'admin', '2022-05-26 09:03:37', '', NULL, '');
INSERT INTO `sys_menu` VALUES (1020, '岗位查询', 104, 1, '#', '', 'F', '0', '1', 'system:post:list', '#', 'admin', '2022-05-26 09:03:37', '', NULL, '');
INSERT INTO `sys_menu` VALUES (1021, '岗位新增', 104, 2, '#', '', 'F', '0', '1', 'system:post:add', '#', 'admin', '2022-05-26 09:03:37', '', NULL, '');
INSERT INTO `sys_menu` VALUES (1022, '岗位修改', 104, 3, '#', '', 'F', '0', '1', 'system:post:edit', '#', 'admin', '2022-05-26 09:03:37', '', NULL, '');
INSERT INTO `sys_menu` VALUES (1023, '岗位删除', 104, 4, '#', '', 'F', '0', '1', 'system:post:remove', '#', 'admin', '2022-05-26 09:03:37', '', NULL, '');
INSERT INTO `sys_menu` VALUES (1024, '岗位导出', 104, 5, '#', '', 'F', '0', '1', 'system:post:export', '#', 'admin', '2022-05-26 09:03:37', '', NULL, '');
INSERT INTO `sys_menu` VALUES (1025, '字典查询', 105, 1, '#', '', 'F', '0', '1', 'system:dict:list', '#', 'admin', '2022-05-26 09:03:37', '', NULL, '');
INSERT INTO `sys_menu` VALUES (1026, '字典新增', 105, 2, '#', '', 'F', '0', '1', 'system:dict:add', '#', 'admin', '2022-05-26 09:03:37', '', NULL, '');
INSERT INTO `sys_menu` VALUES (1027, '字典修改', 105, 3, '#', '', 'F', '0', '1', 'system:dict:edit', '#', 'admin', '2022-05-26 09:03:37', '', NULL, '');
INSERT INTO `sys_menu` VALUES (1028, '字典删除', 105, 4, '#', '', 'F', '0', '1', 'system:dict:remove', '#', 'admin', '2022-05-26 09:03:37', '', NULL, '');
INSERT INTO `sys_menu` VALUES (1029, '字典导出', 105, 5, '#', '', 'F', '0', '1', 'system:dict:export', '#', 'admin', '2022-05-26 09:03:37', '', NULL, '');
INSERT INTO `sys_menu` VALUES (1030, '参数查询', 106, 1, '#', '', 'F', '0', '1', 'system:config:list', '#', 'admin', '2022-05-26 09:03:37', '', NULL, '');
INSERT INTO `sys_menu` VALUES (1031, '参数新增', 106, 2, '#', '', 'F', '0', '1', 'system:config:add', '#', 'admin', '2022-05-26 09:03:37', '', NULL, '');
INSERT INTO `sys_menu` VALUES (1032, '参数修改', 106, 3, '#', '', 'F', '0', '1', 'system:config:edit', '#', 'admin', '2022-05-26 09:03:37', '', NULL, '');
INSERT INTO `sys_menu` VALUES (1033, '参数删除', 106, 4, '#', '', 'F', '0', '1', 'system:config:remove', '#', 'admin', '2022-05-26 09:03:37', '', NULL, '');
INSERT INTO `sys_menu` VALUES (1034, '参数导出', 106, 5, '#', '', 'F', '0', '1', 'system:config:export', '#', 'admin', '2022-05-26 09:03:37', '', NULL, '');
INSERT INTO `sys_menu` VALUES (1035, '公告查询', 107, 1, '#', '', 'F', '0', '1', 'system:notice:list', '#', 'admin', '2022-05-26 09:03:37', '', NULL, '');
INSERT INTO `sys_menu` VALUES (1036, '公告新增', 107, 2, '#', '', 'F', '0', '1', 'system:notice:add', '#', 'admin', '2022-05-26 09:03:37', '', NULL, '');
INSERT INTO `sys_menu` VALUES (1037, '公告修改', 107, 3, '#', '', 'F', '0', '1', 'system:notice:edit', '#', 'admin', '2022-05-26 09:03:37', '', NULL, '');
INSERT INTO `sys_menu` VALUES (1038, '公告删除', 107, 4, '#', '', 'F', '0', '1', 'system:notice:remove', '#', 'admin', '2022-05-26 09:03:37', '', NULL, '');
INSERT INTO `sys_menu` VALUES (1039, '操作查询', 500, 1, '#', '', 'F', '0', '1', 'monitor:operlog:list', '#', 'admin', '2022-05-26 09:03:37', '', NULL, '');
INSERT INTO `sys_menu` VALUES (1040, '操作删除', 500, 2, '#', '', 'F', '0', '1', 'monitor:operlog:remove', '#', 'admin', '2022-05-26 09:03:37', '', NULL, '');
INSERT INTO `sys_menu` VALUES (1041, '详细信息', 500, 3, '#', '', 'F', '0', '1', 'monitor:operlog:detail', '#', 'admin', '2022-05-26 09:03:37', '', NULL, '');
INSERT INTO `sys_menu` VALUES (1042, '日志导出', 500, 4, '#', '', 'F', '0', '1', 'monitor:operlog:export', '#', 'admin', '2022-05-26 09:03:37', '', NULL, '');
INSERT INTO `sys_menu` VALUES (1043, '登录查询', 501, 1, '#', '', 'F', '0', '1', 'monitor:logininfor:list', '#', 'admin', '2022-05-26 09:03:37', '', NULL, '');
INSERT INTO `sys_menu` VALUES (1044, '登录删除', 501, 2, '#', '', 'F', '0', '1', 'monitor:logininfor:remove', '#', 'admin', '2022-05-26 09:03:37', '', NULL, '');
INSERT INTO `sys_menu` VALUES (1045, '日志导出', 501, 3, '#', '', 'F', '0', '1', 'monitor:logininfor:export', '#', 'admin', '2022-05-26 09:03:37', '', NULL, '');
INSERT INTO `sys_menu` VALUES (1046, '账户解锁', 501, 4, '#', '', 'F', '0', '1', 'monitor:logininfor:unlock', '#', 'admin', '2022-05-26 09:03:37', '', NULL, '');
INSERT INTO `sys_menu` VALUES (1047, '在线查询', 109, 1, '#', '', 'F', '0', '1', 'monitor:online:list', '#', 'admin', '2022-05-26 09:03:37', '', NULL, '');
INSERT INTO `sys_menu` VALUES (1048, '批量强退', 109, 2, '#', '', 'F', '0', '1', 'monitor:online:batchForceLogout', '#', 'admin', '2022-05-26 09:03:37', '', NULL, '');
INSERT INTO `sys_menu` VALUES (1049, '单条强退', 109, 3, '#', '', 'F', '0', '1', 'monitor:online:forceLogout', '#', 'admin', '2022-05-26 09:03:37', '', NULL, '');
INSERT INTO `sys_menu` VALUES (1050, '任务查询', 110, 1, '#', '', 'F', '0', '1', 'monitor:job:list', '#', 'admin', '2022-05-26 09:03:37', '', NULL, '');
INSERT INTO `sys_menu` VALUES (1051, '任务新增', 110, 2, '#', '', 'F', '0', '1', 'monitor:job:add', '#', 'admin', '2022-05-26 09:03:37', '', NULL, '');
INSERT INTO `sys_menu` VALUES (1052, '任务修改', 110, 3, '#', '', 'F', '0', '1', 'monitor:job:edit', '#', 'admin', '2022-05-26 09:03:37', '', NULL, '');
INSERT INTO `sys_menu` VALUES (1053, '任务删除', 110, 4, '#', '', 'F', '0', '1', 'monitor:job:remove', '#', 'admin', '2022-05-26 09:03:37', '', NULL, '');
INSERT INTO `sys_menu` VALUES (1054, '状态修改', 110, 5, '#', '', 'F', '0', '1', 'monitor:job:changeStatus', '#', 'admin', '2022-05-26 09:03:37', '', NULL, '');
INSERT INTO `sys_menu` VALUES (1055, '任务详细', 110, 6, '#', '', 'F', '0', '1', 'monitor:job:detail', '#', 'admin', '2022-05-26 09:03:37', '', NULL, '');
INSERT INTO `sys_menu` VALUES (1056, '任务导出', 110, 7, '#', '', 'F', '0', '1', 'monitor:job:export', '#', 'admin', '2022-05-26 09:03:37', '', NULL, '');
INSERT INTO `sys_menu` VALUES (1057, '生成查询', 115, 1, '#', '', 'F', '0', '1', 'tool:gen:list', '#', 'admin', '2022-05-26 09:03:37', '', NULL, '');
INSERT INTO `sys_menu` VALUES (1058, '生成修改', 115, 2, '#', '', 'F', '0', '1', 'tool:gen:edit', '#', 'admin', '2022-05-26 09:03:37', '', NULL, '');
INSERT INTO `sys_menu` VALUES (1059, '生成删除', 115, 3, '#', '', 'F', '0', '1', 'tool:gen:remove', '#', 'admin', '2022-05-26 09:03:37', '', NULL, '');
INSERT INTO `sys_menu` VALUES (1060, '预览代码', 115, 4, '#', '', 'F', '0', '1', 'tool:gen:preview', '#', 'admin', '2022-05-26 09:03:37', '', NULL, '');
INSERT INTO `sys_menu` VALUES (1061, '生成代码', 115, 5, '#', '', 'F', '0', '1', 'tool:gen:code', '#', 'admin', '2022-05-26 09:03:37', '', NULL, '');
INSERT INTO `sys_menu` VALUES (2000, '微信小程序', 0, 3, '#', 'menuItem', 'M', '0', '1', NULL, 'fa fa-cubes', 'admin', '2022-05-27 14:45:46', '', NULL, '');
INSERT INTO `sys_menu` VALUES (2049, '轮播图', 2000, 1, '/abucoder/banners', '', 'C', '0', '1', 'abucoder:banners:view', '#', 'admin', '2022-05-27 15:39:40', '', NULL, '轮播图菜单');
INSERT INTO `sys_menu` VALUES (2050, '轮播图查询', 2049, 1, '#', '', 'F', '0', '1', 'abucoder:banners:list', '#', 'admin', '2022-05-27 15:39:40', '', NULL, '');
INSERT INTO `sys_menu` VALUES (2051, '轮播图新增', 2049, 2, '#', '', 'F', '0', '1', 'abucoder:banners:add', '#', 'admin', '2022-05-27 15:39:40', '', NULL, '');
INSERT INTO `sys_menu` VALUES (2052, '轮播图修改', 2049, 3, '#', '', 'F', '0', '1', 'abucoder:banners:edit', '#', 'admin', '2022-05-27 15:39:40', '', NULL, '');
INSERT INTO `sys_menu` VALUES (2053, '轮播图删除', 2049, 4, '#', '', 'F', '0', '1', 'abucoder:banners:remove', '#', 'admin', '2022-05-27 15:39:40', '', NULL, '');
INSERT INTO `sys_menu` VALUES (2054, '轮播图导出', 2049, 5, '#', '', 'F', '0', '1', 'abucoder:banners:export', '#', 'admin', '2022-05-27 15:39:40', '', NULL, '');
INSERT INTO `sys_menu` VALUES (2055, '推荐项目', 2000, 1, '/abucoder/items', '', 'C', '0', '1', 'abucoder:items:view', '#', 'admin', '2022-05-27 15:41:03', '', NULL, '推荐项目菜单');
INSERT INTO `sys_menu` VALUES (2056, '推荐项目查询', 2055, 1, '#', '', 'F', '0', '1', 'abucoder:items:list', '#', 'admin', '2022-05-27 15:41:03', '', NULL, '');
INSERT INTO `sys_menu` VALUES (2057, '推荐项目新增', 2055, 2, '#', '', 'F', '0', '1', 'abucoder:items:add', '#', 'admin', '2022-05-27 15:41:03', '', NULL, '');
INSERT INTO `sys_menu` VALUES (2058, '推荐项目修改', 2055, 3, '#', '', 'F', '0', '1', 'abucoder:items:edit', '#', 'admin', '2022-05-27 15:41:03', '', NULL, '');
INSERT INTO `sys_menu` VALUES (2059, '推荐项目删除', 2055, 4, '#', '', 'F', '0', '1', 'abucoder:items:remove', '#', 'admin', '2022-05-27 15:41:03', '', NULL, '');
INSERT INTO `sys_menu` VALUES (2060, '推荐项目导出', 2055, 5, '#', '', 'F', '0', '1', 'abucoder:items:export', '#', 'admin', '2022-05-27 15:41:03', '', NULL, '');
INSERT INTO `sys_menu` VALUES (2061, '推荐开源项目', 2000, 1, '/abucoder/programs', '', 'C', '0', '1', 'abucoder:programs:view', '#', 'admin', '2022-05-27 15:41:44', '', NULL, '推荐开源项目菜单');
INSERT INTO `sys_menu` VALUES (2062, '推荐开源项目查询', 2061, 1, '#', '', 'F', '0', '1', 'abucoder:programs:list', '#', 'admin', '2022-05-27 15:41:44', '', NULL, '');
INSERT INTO `sys_menu` VALUES (2063, '推荐开源项目新增', 2061, 2, '#', '', 'F', '0', '1', 'abucoder:programs:add', '#', 'admin', '2022-05-27 15:41:44', '', NULL, '');
INSERT INTO `sys_menu` VALUES (2064, '推荐开源项目修改', 2061, 3, '#', '', 'F', '0', '1', 'abucoder:programs:edit', '#', 'admin', '2022-05-27 15:41:44', '', NULL, '');
INSERT INTO `sys_menu` VALUES (2065, '推荐开源项目删除', 2061, 4, '#', '', 'F', '0', '1', 'abucoder:programs:remove', '#', 'admin', '2022-05-27 15:41:44', '', NULL, '');
INSERT INTO `sys_menu` VALUES (2066, '推荐开源项目导出', 2061, 5, '#', '', 'F', '0', '1', 'abucoder:programs:export', '#', 'admin', '2022-05-27 15:41:44', '', NULL, '');
INSERT INTO `sys_menu` VALUES (2067, '微信用户', 2000, 1, '/abucoder/wxuser', '', 'C', '0', '1', 'abucoder:wxuser:view', '#', 'admin', '2022-05-27 15:42:15', '', NULL, '微信用户菜单');
INSERT INTO `sys_menu` VALUES (2068, '微信用户查询', 2067, 1, '#', '', 'F', '0', '1', 'abucoder:wxuser:list', '#', 'admin', '2022-05-27 15:42:15', '', NULL, '');
INSERT INTO `sys_menu` VALUES (2069, '微信用户新增', 2067, 2, '#', '', 'F', '0', '1', 'abucoder:wxuser:add', '#', 'admin', '2022-05-27 15:42:15', '', NULL, '');
INSERT INTO `sys_menu` VALUES (2070, '微信用户修改', 2067, 3, '#', '', 'F', '0', '1', 'abucoder:wxuser:edit', '#', 'admin', '2022-05-27 15:42:15', '', NULL, '');
INSERT INTO `sys_menu` VALUES (2071, '微信用户删除', 2067, 4, '#', '', 'F', '0', '1', 'abucoder:wxuser:remove', '#', 'admin', '2022-05-27 15:42:15', '', NULL, '');
INSERT INTO `sys_menu` VALUES (2072, '微信用户导出', 2067, 5, '#', '', 'F', '0', '1', 'abucoder:wxuser:export', '#', 'admin', '2022-05-27 15:42:15', '', NULL, '');

-- ----------------------------
-- Table structure for sys_notice
-- ----------------------------
DROP TABLE IF EXISTS `sys_notice`;
CREATE TABLE `sys_notice`  (
  `notice_id` int(4) NOT NULL AUTO_INCREMENT COMMENT '公告ID',
  `notice_title` varchar(50) CHARACTER SET utf8mb4 COLLATE utf8mb4_general_ci NOT NULL COMMENT '公告标题',
  `notice_type` char(1) CHARACTER SET utf8mb4 COLLATE utf8mb4_general_ci NOT NULL COMMENT '公告类型（1通知 2公告）',
  `notice_content` varchar(2000) CHARACTER SET utf8mb4 COLLATE utf8mb4_general_ci NULL DEFAULT NULL COMMENT '公告内容',
  `status` char(1) CHARACTER SET utf8mb4 COLLATE utf8mb4_general_ci NULL DEFAULT '0' COMMENT '公告状态（0正常 1关闭）',
  `create_by` varchar(64) CHARACTER SET utf8mb4 COLLATE utf8mb4_general_ci NULL DEFAULT '' COMMENT '创建者',
  `create_time` datetime(0) NULL DEFAULT NULL COMMENT '创建时间',
  `update_by` varchar(64) CHARACTER SET utf8mb4 COLLATE utf8mb4_general_ci NULL DEFAULT '' COMMENT '更新者',
  `update_time` datetime(0) NULL DEFAULT NULL COMMENT '更新时间',
  `remark` varchar(255) CHARACTER SET utf8mb4 COLLATE utf8mb4_general_ci NULL DEFAULT NULL COMMENT '备注',
  PRIMARY KEY (`notice_id`) USING BTREE
) ENGINE = InnoDB AUTO_INCREMENT = 10 CHARACTER SET = utf8mb4 COLLATE = utf8mb4_general_ci COMMENT = '通知公告表' ROW_FORMAT = Dynamic;

-- ----------------------------
-- Records of sys_notice
-- ----------------------------
INSERT INTO `sys_notice` VALUES (1, '「AbuCoder」感谢前段铺子前段框架！', '2', '感谢Uview开源框架~', '0', 'admin', '2022-05-26 09:03:40', '', NULL, '管理员');
INSERT INTO `sys_notice` VALUES (2, '「AbuCoder」感谢若依开发框架！', '1', '第一次做插件，感谢大家的支持哦~', '0', 'admin', '2022-05-26 09:03:40', '', NULL, '管理员');
INSERT INTO `sys_notice` VALUES (3, '「AbuCoder」感谢ColorUI前段框架！', '1', '第一次做插件，感谢大家的支持哦~', '0', 'admin', '2022-05-27 14:05:05', '', NULL, '管理员');

-- ----------------------------
-- Table structure for sys_oper_log
-- ----------------------------
DROP TABLE IF EXISTS `sys_oper_log`;
CREATE TABLE `sys_oper_log`  (
  `oper_id` bigint(20) NOT NULL AUTO_INCREMENT COMMENT '日志主键',
  `title` varchar(50) CHARACTER SET utf8mb4 COLLATE utf8mb4_general_ci NULL DEFAULT '' COMMENT '模块标题',
  `business_type` int(2) NULL DEFAULT 0 COMMENT '业务类型（0其它 1新增 2修改 3删除）',
  `method` varchar(100) CHARACTER SET utf8mb4 COLLATE utf8mb4_general_ci NULL DEFAULT '' COMMENT '方法名称',
  `request_method` varchar(10) CHARACTER SET utf8mb4 COLLATE utf8mb4_general_ci NULL DEFAULT '' COMMENT '请求方式',
  `operator_type` int(1) NULL DEFAULT 0 COMMENT '操作类别（0其它 1后台用户 2手机端用户）',
  `oper_name` varchar(50) CHARACTER SET utf8mb4 COLLATE utf8mb4_general_ci NULL DEFAULT '' COMMENT '操作人员',
  `dept_name` varchar(50) CHARACTER SET utf8mb4 COLLATE utf8mb4_general_ci NULL DEFAULT '' COMMENT '部门名称',
  `oper_url` varchar(255) CHARACTER SET utf8mb4 COLLATE utf8mb4_general_ci NULL DEFAULT '' COMMENT '请求URL',
  `oper_ip` varchar(128) CHARACTER SET utf8mb4 COLLATE utf8mb4_general_ci NULL DEFAULT '' COMMENT '主机地址',
  `oper_location` varchar(255) CHARACTER SET utf8mb4 COLLATE utf8mb4_general_ci NULL DEFAULT '' COMMENT '操作地点',
  `oper_param` varchar(2000) CHARACTER SET utf8mb4 COLLATE utf8mb4_general_ci NULL DEFAULT '' COMMENT '请求参数',
  `json_result` varchar(2000) CHARACTER SET utf8mb4 COLLATE utf8mb4_general_ci NULL DEFAULT '' COMMENT '返回参数',
  `status` int(1) NULL DEFAULT 0 COMMENT '操作状态（0正常 1异常）',
  `error_msg` varchar(2000) CHARACTER SET utf8mb4 COLLATE utf8mb4_general_ci NULL DEFAULT '' COMMENT '错误消息',
  `oper_time` datetime(0) NULL DEFAULT NULL COMMENT '操作时间',
  PRIMARY KEY (`oper_id`) USING BTREE
) ENGINE = InnoDB AUTO_INCREMENT = 154 CHARACTER SET = utf8mb4 COLLATE = utf8mb4_general_ci COMMENT = '操作日志记录' ROW_FORMAT = Dynamic;

-- ----------------------------
-- Records of sys_oper_log
-- ----------------------------
INSERT INTO `sys_oper_log` VALUES (100, '代码生成', 6, 'com.ruoyi.project.tool.gen.controller.GenController.importTableSave()', 'POST', 1, 'admin', '研发部门', '/tool/gen/importTable', '127.0.0.1', '内网IP', '{\"tables\":[\"abucoder_wxuser,abucoder_programs,abucoder_items,abucoder_banners\"]}', '{\"msg\":\"操作成功\",\"code\":0}', 0, NULL, '2022-05-27 14:42:21');
INSERT INTO `sys_oper_log` VALUES (101, '菜单管理', 1, 'com.ruoyi.project.system.menu.controller.MenuController.addSave()', 'POST', 1, 'admin', '研发部门', '/system/menu/add', '127.0.0.1', '内网IP', '{\"parentId\":[\"0\"],\"menuType\":[\"M\"],\"menuName\":[\"微信小程序\"],\"url\":[\"\"],\"target\":[\"menuItem\"],\"perms\":[\"\"],\"orderNum\":[\"3\"],\"icon\":[\"fa fa-cubes\"],\"visible\":[\"0\"],\"isRefresh\":[\"1\"]}', '{\"msg\":\"操作成功\",\"code\":0}', 0, NULL, '2022-05-27 14:45:46');
INSERT INTO `sys_oper_log` VALUES (102, '代码生成', 2, 'com.ruoyi.project.tool.gen.controller.GenController.editSave()', 'POST', 1, 'admin', '研发部门', '/tool/gen/edit', '127.0.0.1', '内网IP', '{\"tableId\":[\"1\"],\"tableName\":[\"abucoder_banners\"],\"tableComment\":[\"轮播图表\"],\"className\":[\"AbucoderBanners\"],\"functionAuthor\":[\"阿卜 QQ932696181\"],\"remark\":[\"\"],\"columns[0].columnId\":[\"1\"],\"columns[0].sort\":[\"1\"],\"columns[0].columnComment\":[\"ID\"],\"columns[0].javaType\":[\"Long\"],\"columns[0].javaField\":[\"id\"],\"columns[0].isInsert\":[\"1\"],\"columns[0].queryType\":[\"EQ\"],\"columns[0].htmlType\":[\"input\"],\"columns[0].dictType\":[\"\"],\"columns[1].columnId\":[\"2\"],\"columns[1].sort\":[\"2\"],\"columns[1].columnComment\":[\"轮播图标题\"],\"columns[1].javaType\":[\"String\"],\"columns[1].javaField\":[\"bannerTitle\"],\"columns[1].isInsert\":[\"1\"],\"columns[1].isEdit\":[\"1\"],\"columns[1].isList\":[\"1\"],\"columns[1].queryType\":[\"EQ\"],\"columns[1].htmlType\":[\"input\"],\"columns[1].dictType\":[\"\"],\"columns[2].columnId\":[\"3\"],\"columns[2].sort\":[\"3\"],\"columns[2].columnComment\":[\"轮播图连接\"],\"columns[2].javaType\":[\"String\"],\"columns[2].javaField\":[\"bannerUrl\"],\"columns[2].isInsert\":[\"1\"],\"columns[2].isEdit\":[\"1\"],\"columns[2].isList\":[\"1\"],\"columns[2].queryType\":[\"EQ\"],\"columns[2].htmlType\":[\"input\"],\"columns[2].dictType\":[\"\"],\"columns[3].columnId\":[\"4\"],\"columns[3].sort\":[\"4\"],\"columns[3].columnComment\":[\"图片\"],\"columns[3].javaType\":[\"String\"],\"columns[3].javaField\":[\"bannerImg\"],\"columns[3].isInsert\":[\"1\"],\"columns[3].isEdit\":[\"1\"],\"columns[3].isList\":[\"1\"],\"columns[3].queryType\":[\"EQ\"],\"columns[3].htmlType\":[\"input\"],\"columns[3].dictType\":[\"\"],\"columns[4].columnId\":[\"5\"],\"columns[4].sort\":[\"5\"],\"columns[4].columnComment\":[\"创建者\"],\"columns[4].javaType\":[\"String\"],\"columns[4].javaField\":[\"createBy\"],\"columns[4].isInsert\":[\"1\"],\"columns[4].queryType\":[\"EQ\"],\"columns[4].htmlType\":[\"upload\"],\"columns[4].dictType\":[\"\"],\"columns[5].columnId\":[\"6\"],\"columns[5].sort\":[\"6\"],\"columns[5].columnComment\":[\"创建时间\"],\"columns[5].javaType\":[\"Date\"],\"columns[5].javaField\":[\"createTime\"],\"columns[5].isInsert\":[\"1\"],\"columns[5].queryType\":[\"EQ\"],\"columns[5].htmlType\":[\"datetime\"],\"columns[5].dictType\":[\"\"],\"columns[6].columnId\":[\"7\"],\"columns[6].sort\":', '{\"msg\":\"操作成功\",\"code\":0}', 0, NULL, '2022-05-27 14:51:19');
INSERT INTO `sys_oper_log` VALUES (103, '代码生成', 2, 'com.ruoyi.project.tool.gen.controller.GenController.editSave()', 'POST', 1, 'admin', '研发部门', '/tool/gen/edit', '127.0.0.1', '内网IP', '{\"tableId\":[\"2\"],\"tableName\":[\"abucoder_items\"],\"tableComment\":[\"推荐项目表\"],\"className\":[\"AbucoderItems\"],\"functionAuthor\":[\"阿卜 QQ932696181\"],\"remark\":[\"\"],\"columns[0].columnId\":[\"10\"],\"columns[0].sort\":[\"1\"],\"columns[0].columnComment\":[\"ID\"],\"columns[0].javaType\":[\"Long\"],\"columns[0].javaField\":[\"id\"],\"columns[0].isInsert\":[\"1\"],\"columns[0].queryType\":[\"EQ\"],\"columns[0].htmlType\":[\"input\"],\"columns[0].dictType\":[\"\"],\"columns[1].columnId\":[\"11\"],\"columns[1].sort\":[\"2\"],\"columns[1].columnComment\":[\"项目名称\"],\"columns[1].javaType\":[\"String\"],\"columns[1].javaField\":[\"itemName\"],\"columns[1].isInsert\":[\"1\"],\"columns[1].isEdit\":[\"1\"],\"columns[1].isList\":[\"1\"],\"columns[1].queryType\":[\"LIKE\"],\"columns[1].htmlType\":[\"input\"],\"columns[1].dictType\":[\"\"],\"columns[2].columnId\":[\"12\"],\"columns[2].sort\":[\"3\"],\"columns[2].columnComment\":[\"项目介绍\"],\"columns[2].javaType\":[\"String\"],\"columns[2].javaField\":[\"itemDesc\"],\"columns[2].isInsert\":[\"1\"],\"columns[2].isEdit\":[\"1\"],\"columns[2].isList\":[\"1\"],\"columns[2].queryType\":[\"EQ\"],\"columns[2].htmlType\":[\"input\"],\"columns[2].dictType\":[\"\"],\"columns[3].columnId\":[\"13\"],\"columns[3].sort\":[\"4\"],\"columns[3].columnComment\":[\"项目内容\"],\"columns[3].javaType\":[\"String\"],\"columns[3].javaField\":[\"itemContent\"],\"columns[3].isInsert\":[\"1\"],\"columns[3].isEdit\":[\"1\"],\"columns[3].queryType\":[\"EQ\"],\"columns[3].htmlType\":[\"summernote\"],\"columns[3].dictType\":[\"\"],\"columns[4].columnId\":[\"14\"],\"columns[4].sort\":[\"5\"],\"columns[4].columnComment\":[\"创建者\"],\"columns[4].javaType\":[\"String\"],\"columns[4].javaField\":[\"createBy\"],\"columns[4].isInsert\":[\"1\"],\"columns[4].queryType\":[\"EQ\"],\"columns[4].htmlType\":[\"input\"],\"columns[4].dictType\":[\"\"],\"columns[5].columnId\":[\"15\"],\"columns[5].sort\":[\"6\"],\"columns[5].columnComment\":[\"创建时间\"],\"columns[5].javaType\":[\"Date\"],\"columns[5].javaField\":[\"createTime\"],\"columns[5].isInsert\":[\"1\"],\"columns[5].queryType\":[\"EQ\"],\"columns[5].htmlType\":[\"datetime\"],\"columns[5].dictType\":[\"\"],\"columns[6].columnId\":[\"16\"],\"columns[6].sort\":[\"7\"],\"columns[6].', '{\"msg\":\"操作成功\",\"code\":0}', 0, NULL, '2022-05-27 14:52:01');
INSERT INTO `sys_oper_log` VALUES (104, '代码生成', 2, 'com.ruoyi.project.tool.gen.controller.GenController.editSave()', 'POST', 1, 'admin', '研发部门', '/tool/gen/edit', '127.0.0.1', '内网IP', '{\"tableId\":[\"3\"],\"tableName\":[\"abucoder_programs\"],\"tableComment\":[\"推荐开源项目表\"],\"className\":[\"AbucoderPrograms\"],\"functionAuthor\":[\"阿卜 QQ932696181\"],\"remark\":[\"\"],\"columns[0].columnId\":[\"19\"],\"columns[0].sort\":[\"1\"],\"columns[0].columnComment\":[\"ID\"],\"columns[0].javaType\":[\"Long\"],\"columns[0].javaField\":[\"id\"],\"columns[0].isInsert\":[\"1\"],\"columns[0].queryType\":[\"EQ\"],\"columns[0].htmlType\":[\"input\"],\"columns[0].dictType\":[\"\"],\"columns[1].columnId\":[\"20\"],\"columns[1].sort\":[\"2\"],\"columns[1].columnComment\":[\"项目名称\"],\"columns[1].javaType\":[\"String\"],\"columns[1].javaField\":[\"programName\"],\"columns[1].isInsert\":[\"1\"],\"columns[1].isEdit\":[\"1\"],\"columns[1].isList\":[\"1\"],\"columns[1].queryType\":[\"LIKE\"],\"columns[1].htmlType\":[\"input\"],\"columns[1].dictType\":[\"\"],\"columns[2].columnId\":[\"21\"],\"columns[2].sort\":[\"3\"],\"columns[2].columnComment\":[\"标签\"],\"columns[2].javaType\":[\"String\"],\"columns[2].javaField\":[\"programTag\"],\"columns[2].isInsert\":[\"1\"],\"columns[2].isEdit\":[\"1\"],\"columns[2].isList\":[\"1\"],\"columns[2].queryType\":[\"EQ\"],\"columns[2].htmlType\":[\"input\"],\"columns[2].dictType\":[\"\"],\"columns[3].columnId\":[\"22\"],\"columns[3].sort\":[\"4\"],\"columns[3].columnComment\":[\"项目介绍\"],\"columns[3].javaType\":[\"String\"],\"columns[3].javaField\":[\"programContent\"],\"columns[3].isInsert\":[\"1\"],\"columns[3].isEdit\":[\"1\"],\"columns[3].isList\":[\"1\"],\"columns[3].queryType\":[\"EQ\"],\"columns[3].htmlType\":[\"summernote\"],\"columns[3].dictType\":[\"\"],\"columns[4].columnId\":[\"23\"],\"columns[4].sort\":[\"5\"],\"columns[4].columnComment\":[\"创建者\"],\"columns[4].javaType\":[\"String\"],\"columns[4].javaField\":[\"createBy\"],\"columns[4].isInsert\":[\"1\"],\"columns[4].queryType\":[\"EQ\"],\"columns[4].htmlType\":[\"input\"],\"columns[4].dictType\":[\"\"],\"columns[5].columnId\":[\"24\"],\"columns[5].sort\":[\"6\"],\"columns[5].columnComment\":[\"创建时间\"],\"columns[5].javaType\":[\"Date\"],\"columns[5].javaField\":[\"createTime\"],\"columns[5].isInsert\":[\"1\"],\"columns[5].queryType\":[\"EQ\"],\"columns[5].htmlType\":[\"datetime\"],\"columns[5].dictType\":[\"\"],\"columns[6].columnId\":[\"2', '{\"msg\":\"操作成功\",\"code\":0}', 0, NULL, '2022-05-27 14:52:28');
INSERT INTO `sys_oper_log` VALUES (105, '代码生成', 2, 'com.ruoyi.project.tool.gen.controller.GenController.editSave()', 'POST', 1, 'admin', '研发部门', '/tool/gen/edit', '127.0.0.1', '内网IP', '{\"tableId\":[\"4\"],\"tableName\":[\"abucoder_wxuser\"],\"tableComment\":[\"微信用户表\"],\"className\":[\"AbucoderWxuser\"],\"functionAuthor\":[\"ruoyi\"],\"remark\":[\"\"],\"columns[0].columnId\":[\"28\"],\"columns[0].sort\":[\"1\"],\"columns[0].columnComment\":[\"ID\"],\"columns[0].javaType\":[\"Long\"],\"columns[0].javaField\":[\"id\"],\"columns[0].isInsert\":[\"1\"],\"columns[0].queryType\":[\"EQ\"],\"columns[0].htmlType\":[\"input\"],\"columns[0].dictType\":[\"\"],\"columns[1].columnId\":[\"29\"],\"columns[1].sort\":[\"2\"],\"columns[1].columnComment\":[\"微信名称\"],\"columns[1].javaType\":[\"String\"],\"columns[1].javaField\":[\"nickname\"],\"columns[1].isInsert\":[\"1\"],\"columns[1].isEdit\":[\"1\"],\"columns[1].isList\":[\"1\"],\"columns[1].queryType\":[\"LIKE\"],\"columns[1].htmlType\":[\"input\"],\"columns[1].dictType\":[\"\"],\"columns[2].columnId\":[\"30\"],\"columns[2].sort\":[\"3\"],\"columns[2].columnComment\":[\"头像\"],\"columns[2].javaType\":[\"String\"],\"columns[2].javaField\":[\"avatar\"],\"columns[2].isInsert\":[\"1\"],\"columns[2].isEdit\":[\"1\"],\"columns[2].isList\":[\"1\"],\"columns[2].queryType\":[\"EQ\"],\"columns[2].htmlType\":[\"input\"],\"columns[2].dictType\":[\"\"],\"columns[3].columnId\":[\"31\"],\"columns[3].sort\":[\"4\"],\"columns[3].columnComment\":[\"微信唯一标识符\"],\"columns[3].javaType\":[\"String\"],\"columns[3].javaField\":[\"openid\"],\"columns[3].isInsert\":[\"1\"],\"columns[3].isEdit\":[\"1\"],\"columns[3].isList\":[\"1\"],\"columns[3].queryType\":[\"EQ\"],\"columns[3].htmlType\":[\"input\"],\"columns[3].dictType\":[\"\"],\"columns[4].columnId\":[\"32\"],\"columns[4].sort\":[\"5\"],\"columns[4].columnComment\":[\"性别\"],\"columns[4].javaType\":[\"Integer\"],\"columns[4].javaField\":[\"gender\"],\"columns[4].isInsert\":[\"1\"],\"columns[4].isEdit\":[\"1\"],\"columns[4].isList\":[\"1\"],\"columns[4].queryType\":[\"EQ\"],\"columns[4].htmlType\":[\"select\"],\"columns[4].dictType\":[\"sys_user_sex\"],\"columns[5].columnId\":[\"33\"],\"columns[5].sort\":[\"6\"],\"columns[5].columnComment\":[\"创建者\"],\"columns[5].javaType\":[\"String\"],\"columns[5].javaField\":[\"createBy\"],\"columns[5].isInsert\":[\"1\"],\"columns[5].queryType\":[\"EQ\"],\"columns[5].htmlType\":[\"input\"],\"columns[5].dictType\":[\"\"', '{\"msg\":\"操作成功\",\"code\":0}', 0, NULL, '2022-05-27 14:53:12');
INSERT INTO `sys_oper_log` VALUES (106, '代码生成', 8, 'com.ruoyi.project.tool.gen.controller.GenController.download()', 'GET', 1, 'admin', '研发部门', '/tool/gen/download/abucoder_banners', '127.0.0.1', '内网IP', '\"abucoder_banners\"', NULL, 0, NULL, '2022-05-27 14:53:43');
INSERT INTO `sys_oper_log` VALUES (107, '代码生成', 8, 'com.ruoyi.project.tool.gen.controller.GenController.download()', 'GET', 1, 'admin', '研发部门', '/tool/gen/download/abucoder_banners', '127.0.0.1', '内网IP', '\"abucoder_banners\"', NULL, 0, NULL, '2022-05-27 14:53:48');
INSERT INTO `sys_oper_log` VALUES (108, '代码生成', 8, 'com.ruoyi.project.tool.gen.controller.GenController.download()', 'GET', 1, 'admin', '研发部门', '/tool/gen/download/abucoder_items', '127.0.0.1', '内网IP', '\"abucoder_items\"', NULL, 0, NULL, '2022-05-27 15:01:43');
INSERT INTO `sys_oper_log` VALUES (109, '代码生成', 8, 'com.ruoyi.project.tool.gen.controller.GenController.download()', 'GET', 1, 'admin', '研发部门', '/tool/gen/download/abucoder_items', '127.0.0.1', '内网IP', '\"abucoder_items\"', NULL, 0, NULL, '2022-05-27 15:01:47');
INSERT INTO `sys_oper_log` VALUES (110, '代码生成', 8, 'com.ruoyi.project.tool.gen.controller.GenController.download()', 'GET', 1, 'admin', '研发部门', '/tool/gen/download/abucoder_programs', '127.0.0.1', '内网IP', '\"abucoder_programs\"', NULL, 0, NULL, '2022-05-27 15:02:47');
INSERT INTO `sys_oper_log` VALUES (111, '代码生成', 8, 'com.ruoyi.project.tool.gen.controller.GenController.download()', 'GET', 1, 'admin', '研发部门', '/tool/gen/download/abucoder_programs', '127.0.0.1', '内网IP', '\"abucoder_programs\"', NULL, 0, NULL, '2022-05-27 15:02:50');
INSERT INTO `sys_oper_log` VALUES (112, '代码生成', 8, 'com.ruoyi.project.tool.gen.controller.GenController.download()', 'GET', 1, 'admin', '研发部门', '/tool/gen/download/abucoder_wxuser', '127.0.0.1', '内网IP', '\"abucoder_wxuser\"', NULL, 0, NULL, '2022-05-27 15:03:42');
INSERT INTO `sys_oper_log` VALUES (113, '代码生成', 8, 'com.ruoyi.project.tool.gen.controller.GenController.download()', 'GET', 1, 'admin', '研发部门', '/tool/gen/download/abucoder_wxuser', '127.0.0.1', '内网IP', '\"abucoder_wxuser\"', NULL, 0, NULL, '2022-05-27 15:03:44');
INSERT INTO `sys_oper_log` VALUES (114, '代码生成', 2, 'com.ruoyi.project.tool.gen.controller.GenController.editSave()', 'POST', 1, 'admin', '研发部门', '/tool/gen/edit', '127.0.0.1', '内网IP', '{\"tableId\":[\"4\"],\"tableName\":[\"abucoder_wxuser\"],\"tableComment\":[\"微信用户表\"],\"className\":[\"AbucoderWxuser\"],\"functionAuthor\":[\"ruoyi\"],\"remark\":[\"\"],\"columns[0].columnId\":[\"28\"],\"columns[0].sort\":[\"1\"],\"columns[0].columnComment\":[\"ID\"],\"columns[0].javaType\":[\"Long\"],\"columns[0].javaField\":[\"id\"],\"columns[0].isInsert\":[\"1\"],\"columns[0].queryType\":[\"EQ\"],\"columns[0].htmlType\":[\"input\"],\"columns[0].dictType\":[\"\"],\"columns[1].columnId\":[\"29\"],\"columns[1].sort\":[\"2\"],\"columns[1].columnComment\":[\"微信名称\"],\"columns[1].javaType\":[\"String\"],\"columns[1].javaField\":[\"nickname\"],\"columns[1].isInsert\":[\"1\"],\"columns[1].isEdit\":[\"1\"],\"columns[1].isList\":[\"1\"],\"columns[1].queryType\":[\"LIKE\"],\"columns[1].htmlType\":[\"input\"],\"columns[1].dictType\":[\"\"],\"columns[2].columnId\":[\"30\"],\"columns[2].sort\":[\"3\"],\"columns[2].columnComment\":[\"头像\"],\"columns[2].javaType\":[\"String\"],\"columns[2].javaField\":[\"avatar\"],\"columns[2].isInsert\":[\"1\"],\"columns[2].isEdit\":[\"1\"],\"columns[2].isList\":[\"1\"],\"columns[2].queryType\":[\"EQ\"],\"columns[2].htmlType\":[\"input\"],\"columns[2].dictType\":[\"\"],\"columns[3].columnId\":[\"31\"],\"columns[3].sort\":[\"4\"],\"columns[3].columnComment\":[\"微信唯一标识符\"],\"columns[3].javaType\":[\"String\"],\"columns[3].javaField\":[\"openid\"],\"columns[3].isInsert\":[\"1\"],\"columns[3].isEdit\":[\"1\"],\"columns[3].isList\":[\"1\"],\"columns[3].queryType\":[\"EQ\"],\"columns[3].htmlType\":[\"input\"],\"columns[3].dictType\":[\"\"],\"columns[4].columnId\":[\"32\"],\"columns[4].sort\":[\"5\"],\"columns[4].columnComment\":[\"性别\"],\"columns[4].javaType\":[\"Integer\"],\"columns[4].javaField\":[\"gender\"],\"columns[4].isInsert\":[\"1\"],\"columns[4].isEdit\":[\"1\"],\"columns[4].isList\":[\"1\"],\"columns[4].queryType\":[\"EQ\"],\"columns[4].htmlType\":[\"select\"],\"columns[4].dictType\":[\"sys_user_sex\"],\"columns[5].columnId\":[\"33\"],\"columns[5].sort\":[\"6\"],\"columns[5].columnComment\":[\"创建者\"],\"columns[5].javaType\":[\"String\"],\"columns[5].javaField\":[\"createBy\"],\"columns[5].isInsert\":[\"1\"],\"columns[5].queryType\":[\"EQ\"],\"columns[5].htmlType\":[\"input\"],\"columns[5].dictType\":[\"\"', '{\"msg\":\"操作成功\",\"code\":0}', 0, NULL, '2022-05-27 15:07:28');
INSERT INTO `sys_oper_log` VALUES (115, '代码生成', 2, 'com.ruoyi.project.tool.gen.controller.GenController.editSave()', 'POST', 1, 'admin', '研发部门', '/tool/gen/edit', '127.0.0.1', '内网IP', '{\"tableId\":[\"3\"],\"tableName\":[\"abucoder_programs\"],\"tableComment\":[\"推荐开源项目表\"],\"className\":[\"AbucoderPrograms\"],\"functionAuthor\":[\"阿卜 QQ932696181\"],\"remark\":[\"\"],\"columns[0].columnId\":[\"19\"],\"columns[0].sort\":[\"1\"],\"columns[0].columnComment\":[\"ID\"],\"columns[0].javaType\":[\"Long\"],\"columns[0].javaField\":[\"id\"],\"columns[0].isInsert\":[\"1\"],\"columns[0].queryType\":[\"EQ\"],\"columns[0].htmlType\":[\"input\"],\"columns[0].dictType\":[\"\"],\"columns[1].columnId\":[\"20\"],\"columns[1].sort\":[\"2\"],\"columns[1].columnComment\":[\"项目名称\"],\"columns[1].javaType\":[\"String\"],\"columns[1].javaField\":[\"programName\"],\"columns[1].isInsert\":[\"1\"],\"columns[1].isEdit\":[\"1\"],\"columns[1].isList\":[\"1\"],\"columns[1].queryType\":[\"LIKE\"],\"columns[1].htmlType\":[\"input\"],\"columns[1].dictType\":[\"\"],\"columns[2].columnId\":[\"21\"],\"columns[2].sort\":[\"3\"],\"columns[2].columnComment\":[\"标签\"],\"columns[2].javaType\":[\"String\"],\"columns[2].javaField\":[\"programTag\"],\"columns[2].isInsert\":[\"1\"],\"columns[2].isEdit\":[\"1\"],\"columns[2].isList\":[\"1\"],\"columns[2].queryType\":[\"EQ\"],\"columns[2].htmlType\":[\"input\"],\"columns[2].dictType\":[\"\"],\"columns[3].columnId\":[\"22\"],\"columns[3].sort\":[\"4\"],\"columns[3].columnComment\":[\"项目介绍\"],\"columns[3].javaType\":[\"String\"],\"columns[3].javaField\":[\"programContent\"],\"columns[3].isInsert\":[\"1\"],\"columns[3].isEdit\":[\"1\"],\"columns[3].isList\":[\"1\"],\"columns[3].queryType\":[\"EQ\"],\"columns[3].htmlType\":[\"summernote\"],\"columns[3].dictType\":[\"\"],\"columns[4].columnId\":[\"23\"],\"columns[4].sort\":[\"5\"],\"columns[4].columnComment\":[\"创建者\"],\"columns[4].javaType\":[\"String\"],\"columns[4].javaField\":[\"createBy\"],\"columns[4].isInsert\":[\"1\"],\"columns[4].queryType\":[\"EQ\"],\"columns[4].htmlType\":[\"input\"],\"columns[4].dictType\":[\"\"],\"columns[5].columnId\":[\"24\"],\"columns[5].sort\":[\"6\"],\"columns[5].columnComment\":[\"创建时间\"],\"columns[5].javaType\":[\"Date\"],\"columns[5].javaField\":[\"createTime\"],\"columns[5].isInsert\":[\"1\"],\"columns[5].queryType\":[\"EQ\"],\"columns[5].htmlType\":[\"datetime\"],\"columns[5].dictType\":[\"\"],\"columns[6].columnId\":[\"2', '{\"msg\":\"操作成功\",\"code\":0}', 0, NULL, '2022-05-27 15:07:33');
INSERT INTO `sys_oper_log` VALUES (116, '代码生成', 2, 'com.ruoyi.project.tool.gen.controller.GenController.editSave()', 'POST', 1, 'admin', '研发部门', '/tool/gen/edit', '127.0.0.1', '内网IP', '{\"tableId\":[\"1\"],\"tableName\":[\"abucoder_banners\"],\"tableComment\":[\"轮播图表\"],\"className\":[\"AbucoderBanners\"],\"functionAuthor\":[\"阿卜 QQ932696181\"],\"remark\":[\"\"],\"columns[0].columnId\":[\"1\"],\"columns[0].sort\":[\"1\"],\"columns[0].columnComment\":[\"ID\"],\"columns[0].javaType\":[\"Long\"],\"columns[0].javaField\":[\"id\"],\"columns[0].isInsert\":[\"1\"],\"columns[0].queryType\":[\"EQ\"],\"columns[0].htmlType\":[\"input\"],\"columns[0].dictType\":[\"\"],\"columns[1].columnId\":[\"2\"],\"columns[1].sort\":[\"2\"],\"columns[1].columnComment\":[\"轮播图标题\"],\"columns[1].javaType\":[\"String\"],\"columns[1].javaField\":[\"bannerTitle\"],\"columns[1].isInsert\":[\"1\"],\"columns[1].isEdit\":[\"1\"],\"columns[1].isList\":[\"1\"],\"columns[1].queryType\":[\"EQ\"],\"columns[1].htmlType\":[\"input\"],\"columns[1].dictType\":[\"\"],\"columns[2].columnId\":[\"3\"],\"columns[2].sort\":[\"3\"],\"columns[2].columnComment\":[\"轮播图连接\"],\"columns[2].javaType\":[\"String\"],\"columns[2].javaField\":[\"bannerUrl\"],\"columns[2].isInsert\":[\"1\"],\"columns[2].isEdit\":[\"1\"],\"columns[2].isList\":[\"1\"],\"columns[2].queryType\":[\"EQ\"],\"columns[2].htmlType\":[\"input\"],\"columns[2].dictType\":[\"\"],\"columns[3].columnId\":[\"4\"],\"columns[3].sort\":[\"4\"],\"columns[3].columnComment\":[\"图片\"],\"columns[3].javaType\":[\"String\"],\"columns[3].javaField\":[\"bannerImg\"],\"columns[3].isInsert\":[\"1\"],\"columns[3].isEdit\":[\"1\"],\"columns[3].isList\":[\"1\"],\"columns[3].queryType\":[\"EQ\"],\"columns[3].htmlType\":[\"input\"],\"columns[3].dictType\":[\"\"],\"columns[4].columnId\":[\"5\"],\"columns[4].sort\":[\"5\"],\"columns[4].columnComment\":[\"创建者\"],\"columns[4].javaType\":[\"String\"],\"columns[4].javaField\":[\"createBy\"],\"columns[4].isInsert\":[\"1\"],\"columns[4].queryType\":[\"EQ\"],\"columns[4].htmlType\":[\"upload\"],\"columns[4].dictType\":[\"\"],\"columns[5].columnId\":[\"6\"],\"columns[5].sort\":[\"6\"],\"columns[5].columnComment\":[\"创建时间\"],\"columns[5].javaType\":[\"Date\"],\"columns[5].javaField\":[\"createTime\"],\"columns[5].isInsert\":[\"1\"],\"columns[5].queryType\":[\"EQ\"],\"columns[5].htmlType\":[\"datetime\"],\"columns[5].dictType\":[\"\"],\"columns[6].columnId\":[\"7\"],\"columns[6].sort\":', '{\"msg\":\"操作成功\",\"code\":0}', 0, NULL, '2022-05-27 15:07:38');
INSERT INTO `sys_oper_log` VALUES (117, '代码生成', 2, 'com.ruoyi.project.tool.gen.controller.GenController.editSave()', 'POST', 1, 'admin', '研发部门', '/tool/gen/edit', '127.0.0.1', '内网IP', '{\"tableId\":[\"2\"],\"tableName\":[\"abucoder_items\"],\"tableComment\":[\"推荐项目表\"],\"className\":[\"AbucoderItems\"],\"functionAuthor\":[\"阿卜 QQ932696181\"],\"remark\":[\"\"],\"columns[0].columnId\":[\"10\"],\"columns[0].sort\":[\"1\"],\"columns[0].columnComment\":[\"ID\"],\"columns[0].javaType\":[\"Long\"],\"columns[0].javaField\":[\"id\"],\"columns[0].isInsert\":[\"1\"],\"columns[0].queryType\":[\"EQ\"],\"columns[0].htmlType\":[\"input\"],\"columns[0].dictType\":[\"\"],\"columns[1].columnId\":[\"11\"],\"columns[1].sort\":[\"2\"],\"columns[1].columnComment\":[\"项目名称\"],\"columns[1].javaType\":[\"String\"],\"columns[1].javaField\":[\"itemName\"],\"columns[1].isInsert\":[\"1\"],\"columns[1].isEdit\":[\"1\"],\"columns[1].isList\":[\"1\"],\"columns[1].queryType\":[\"LIKE\"],\"columns[1].htmlType\":[\"input\"],\"columns[1].dictType\":[\"\"],\"columns[2].columnId\":[\"12\"],\"columns[2].sort\":[\"3\"],\"columns[2].columnComment\":[\"项目介绍\"],\"columns[2].javaType\":[\"String\"],\"columns[2].javaField\":[\"itemDesc\"],\"columns[2].isInsert\":[\"1\"],\"columns[2].isEdit\":[\"1\"],\"columns[2].isList\":[\"1\"],\"columns[2].queryType\":[\"EQ\"],\"columns[2].htmlType\":[\"input\"],\"columns[2].dictType\":[\"\"],\"columns[3].columnId\":[\"13\"],\"columns[3].sort\":[\"4\"],\"columns[3].columnComment\":[\"项目内容\"],\"columns[3].javaType\":[\"String\"],\"columns[3].javaField\":[\"itemContent\"],\"columns[3].isInsert\":[\"1\"],\"columns[3].isEdit\":[\"1\"],\"columns[3].queryType\":[\"EQ\"],\"columns[3].htmlType\":[\"summernote\"],\"columns[3].dictType\":[\"\"],\"columns[4].columnId\":[\"14\"],\"columns[4].sort\":[\"5\"],\"columns[4].columnComment\":[\"创建者\"],\"columns[4].javaType\":[\"String\"],\"columns[4].javaField\":[\"createBy\"],\"columns[4].isInsert\":[\"1\"],\"columns[4].queryType\":[\"EQ\"],\"columns[4].htmlType\":[\"input\"],\"columns[4].dictType\":[\"\"],\"columns[5].columnId\":[\"15\"],\"columns[5].sort\":[\"6\"],\"columns[5].columnComment\":[\"创建时间\"],\"columns[5].javaType\":[\"Date\"],\"columns[5].javaField\":[\"createTime\"],\"columns[5].isInsert\":[\"1\"],\"columns[5].queryType\":[\"EQ\"],\"columns[5].htmlType\":[\"datetime\"],\"columns[5].dictType\":[\"\"],\"columns[6].columnId\":[\"16\"],\"columns[6].sort\":[\"7\"],\"columns[6].', '{\"msg\":\"操作成功\",\"code\":0}', 0, NULL, '2022-05-27 15:07:44');
INSERT INTO `sys_oper_log` VALUES (118, '代码生成', 2, 'com.ruoyi.project.tool.gen.controller.GenController.editSave()', 'POST', 1, 'admin', '研发部门', '/tool/gen/edit', '127.0.0.1', '内网IP', '{\"tableId\":[\"1\"],\"tableName\":[\"abucoder_banners\"],\"tableComment\":[\"轮播图表\"],\"className\":[\"AbucoderBanners\"],\"functionAuthor\":[\"阿卜 QQ932696181\"],\"remark\":[\"\"],\"columns[0].columnId\":[\"1\"],\"columns[0].sort\":[\"1\"],\"columns[0].columnComment\":[\"ID\"],\"columns[0].javaType\":[\"Long\"],\"columns[0].javaField\":[\"id\"],\"columns[0].isInsert\":[\"1\"],\"columns[0].queryType\":[\"EQ\"],\"columns[0].htmlType\":[\"input\"],\"columns[0].dictType\":[\"\"],\"columns[1].columnId\":[\"2\"],\"columns[1].sort\":[\"2\"],\"columns[1].columnComment\":[\"轮播图标题\"],\"columns[1].javaType\":[\"String\"],\"columns[1].javaField\":[\"bannerTitle\"],\"columns[1].isInsert\":[\"1\"],\"columns[1].isEdit\":[\"1\"],\"columns[1].isList\":[\"1\"],\"columns[1].queryType\":[\"EQ\"],\"columns[1].htmlType\":[\"input\"],\"columns[1].dictType\":[\"\"],\"columns[2].columnId\":[\"3\"],\"columns[2].sort\":[\"3\"],\"columns[2].columnComment\":[\"轮播图连接\"],\"columns[2].javaType\":[\"String\"],\"columns[2].javaField\":[\"bannerUrl\"],\"columns[2].isInsert\":[\"1\"],\"columns[2].isEdit\":[\"1\"],\"columns[2].isList\":[\"1\"],\"columns[2].queryType\":[\"EQ\"],\"columns[2].htmlType\":[\"input\"],\"columns[2].dictType\":[\"\"],\"columns[3].columnId\":[\"4\"],\"columns[3].sort\":[\"4\"],\"columns[3].columnComment\":[\"图片\"],\"columns[3].javaType\":[\"String\"],\"columns[3].javaField\":[\"bannerImg\"],\"columns[3].isInsert\":[\"1\"],\"columns[3].isEdit\":[\"1\"],\"columns[3].isList\":[\"1\"],\"columns[3].queryType\":[\"EQ\"],\"columns[3].htmlType\":[\"input\"],\"columns[3].dictType\":[\"\"],\"columns[4].columnId\":[\"5\"],\"columns[4].sort\":[\"5\"],\"columns[4].columnComment\":[\"创建者\"],\"columns[4].javaType\":[\"String\"],\"columns[4].javaField\":[\"createBy\"],\"columns[4].isInsert\":[\"1\"],\"columns[4].queryType\":[\"EQ\"],\"columns[4].htmlType\":[\"upload\"],\"columns[4].dictType\":[\"\"],\"columns[5].columnId\":[\"6\"],\"columns[5].sort\":[\"6\"],\"columns[5].columnComment\":[\"创建时间\"],\"columns[5].javaType\":[\"Date\"],\"columns[5].javaField\":[\"createTime\"],\"columns[5].isInsert\":[\"1\"],\"columns[5].queryType\":[\"EQ\"],\"columns[5].htmlType\":[\"datetime\"],\"columns[5].dictType\":[\"\"],\"columns[6].columnId\":[\"7\"],\"columns[6].sort\":', '{\"msg\":\"操作成功\",\"code\":0}', 0, NULL, '2022-05-27 15:09:07');
INSERT INTO `sys_oper_log` VALUES (119, '代码生成', 2, 'com.ruoyi.project.tool.gen.controller.GenController.editSave()', 'POST', 1, 'admin', '研发部门', '/tool/gen/edit', '127.0.0.1', '内网IP', '{\"tableId\":[\"2\"],\"tableName\":[\"abucoder_items\"],\"tableComment\":[\"推荐项目表\"],\"className\":[\"AbucoderItems\"],\"functionAuthor\":[\"阿卜 QQ932696181\"],\"remark\":[\"\"],\"columns[0].columnId\":[\"10\"],\"columns[0].sort\":[\"1\"],\"columns[0].columnComment\":[\"ID\"],\"columns[0].javaType\":[\"Long\"],\"columns[0].javaField\":[\"id\"],\"columns[0].isInsert\":[\"1\"],\"columns[0].queryType\":[\"EQ\"],\"columns[0].htmlType\":[\"input\"],\"columns[0].dictType\":[\"\"],\"columns[1].columnId\":[\"11\"],\"columns[1].sort\":[\"2\"],\"columns[1].columnComment\":[\"项目名称\"],\"columns[1].javaType\":[\"String\"],\"columns[1].javaField\":[\"itemName\"],\"columns[1].isInsert\":[\"1\"],\"columns[1].isEdit\":[\"1\"],\"columns[1].isList\":[\"1\"],\"columns[1].queryType\":[\"LIKE\"],\"columns[1].htmlType\":[\"input\"],\"columns[1].dictType\":[\"\"],\"columns[2].columnId\":[\"12\"],\"columns[2].sort\":[\"3\"],\"columns[2].columnComment\":[\"项目介绍\"],\"columns[2].javaType\":[\"String\"],\"columns[2].javaField\":[\"itemDesc\"],\"columns[2].isInsert\":[\"1\"],\"columns[2].isEdit\":[\"1\"],\"columns[2].isList\":[\"1\"],\"columns[2].queryType\":[\"EQ\"],\"columns[2].htmlType\":[\"input\"],\"columns[2].dictType\":[\"\"],\"columns[3].columnId\":[\"13\"],\"columns[3].sort\":[\"4\"],\"columns[3].columnComment\":[\"项目内容\"],\"columns[3].javaType\":[\"String\"],\"columns[3].javaField\":[\"itemContent\"],\"columns[3].isInsert\":[\"1\"],\"columns[3].isEdit\":[\"1\"],\"columns[3].queryType\":[\"EQ\"],\"columns[3].htmlType\":[\"summernote\"],\"columns[3].dictType\":[\"\"],\"columns[4].columnId\":[\"14\"],\"columns[4].sort\":[\"5\"],\"columns[4].columnComment\":[\"创建者\"],\"columns[4].javaType\":[\"String\"],\"columns[4].javaField\":[\"createBy\"],\"columns[4].isInsert\":[\"1\"],\"columns[4].queryType\":[\"EQ\"],\"columns[4].htmlType\":[\"input\"],\"columns[4].dictType\":[\"\"],\"columns[5].columnId\":[\"15\"],\"columns[5].sort\":[\"6\"],\"columns[5].columnComment\":[\"创建时间\"],\"columns[5].javaType\":[\"Date\"],\"columns[5].javaField\":[\"createTime\"],\"columns[5].isInsert\":[\"1\"],\"columns[5].queryType\":[\"EQ\"],\"columns[5].htmlType\":[\"datetime\"],\"columns[5].dictType\":[\"\"],\"columns[6].columnId\":[\"16\"],\"columns[6].sort\":[\"7\"],\"columns[6].', '{\"msg\":\"操作成功\",\"code\":0}', 0, NULL, '2022-05-27 15:09:12');
INSERT INTO `sys_oper_log` VALUES (120, '代码生成', 2, 'com.ruoyi.project.tool.gen.controller.GenController.editSave()', 'POST', 1, 'admin', '研发部门', '/tool/gen/edit', '127.0.0.1', '内网IP', '{\"tableId\":[\"3\"],\"tableName\":[\"abucoder_programs\"],\"tableComment\":[\"推荐开源项目表\"],\"className\":[\"AbucoderPrograms\"],\"functionAuthor\":[\"阿卜 QQ932696181\"],\"remark\":[\"\"],\"columns[0].columnId\":[\"19\"],\"columns[0].sort\":[\"1\"],\"columns[0].columnComment\":[\"ID\"],\"columns[0].javaType\":[\"Long\"],\"columns[0].javaField\":[\"id\"],\"columns[0].isInsert\":[\"1\"],\"columns[0].queryType\":[\"EQ\"],\"columns[0].htmlType\":[\"input\"],\"columns[0].dictType\":[\"\"],\"columns[1].columnId\":[\"20\"],\"columns[1].sort\":[\"2\"],\"columns[1].columnComment\":[\"项目名称\"],\"columns[1].javaType\":[\"String\"],\"columns[1].javaField\":[\"programName\"],\"columns[1].isInsert\":[\"1\"],\"columns[1].isEdit\":[\"1\"],\"columns[1].isList\":[\"1\"],\"columns[1].queryType\":[\"LIKE\"],\"columns[1].htmlType\":[\"input\"],\"columns[1].dictType\":[\"\"],\"columns[2].columnId\":[\"21\"],\"columns[2].sort\":[\"3\"],\"columns[2].columnComment\":[\"标签\"],\"columns[2].javaType\":[\"String\"],\"columns[2].javaField\":[\"programTag\"],\"columns[2].isInsert\":[\"1\"],\"columns[2].isEdit\":[\"1\"],\"columns[2].isList\":[\"1\"],\"columns[2].queryType\":[\"EQ\"],\"columns[2].htmlType\":[\"input\"],\"columns[2].dictType\":[\"\"],\"columns[3].columnId\":[\"22\"],\"columns[3].sort\":[\"4\"],\"columns[3].columnComment\":[\"项目介绍\"],\"columns[3].javaType\":[\"String\"],\"columns[3].javaField\":[\"programContent\"],\"columns[3].isInsert\":[\"1\"],\"columns[3].isEdit\":[\"1\"],\"columns[3].isList\":[\"1\"],\"columns[3].queryType\":[\"EQ\"],\"columns[3].htmlType\":[\"summernote\"],\"columns[3].dictType\":[\"\"],\"columns[4].columnId\":[\"23\"],\"columns[4].sort\":[\"5\"],\"columns[4].columnComment\":[\"创建者\"],\"columns[4].javaType\":[\"String\"],\"columns[4].javaField\":[\"createBy\"],\"columns[4].isInsert\":[\"1\"],\"columns[4].queryType\":[\"EQ\"],\"columns[4].htmlType\":[\"input\"],\"columns[4].dictType\":[\"\"],\"columns[5].columnId\":[\"24\"],\"columns[5].sort\":[\"6\"],\"columns[5].columnComment\":[\"创建时间\"],\"columns[5].javaType\":[\"Date\"],\"columns[5].javaField\":[\"createTime\"],\"columns[5].isInsert\":[\"1\"],\"columns[5].queryType\":[\"EQ\"],\"columns[5].htmlType\":[\"datetime\"],\"columns[5].dictType\":[\"\"],\"columns[6].columnId\":[\"2', '{\"msg\":\"操作成功\",\"code\":0}', 0, NULL, '2022-05-27 15:09:17');
INSERT INTO `sys_oper_log` VALUES (121, '代码生成', 2, 'com.ruoyi.project.tool.gen.controller.GenController.editSave()', 'POST', 1, 'admin', '研发部门', '/tool/gen/edit', '127.0.0.1', '内网IP', '{\"tableId\":[\"4\"],\"tableName\":[\"abucoder_wxuser\"],\"tableComment\":[\"微信用户表\"],\"className\":[\"AbucoderWxuser\"],\"functionAuthor\":[\"ruoyi\"],\"remark\":[\"\"],\"columns[0].columnId\":[\"28\"],\"columns[0].sort\":[\"1\"],\"columns[0].columnComment\":[\"ID\"],\"columns[0].javaType\":[\"Long\"],\"columns[0].javaField\":[\"id\"],\"columns[0].isInsert\":[\"1\"],\"columns[0].queryType\":[\"EQ\"],\"columns[0].htmlType\":[\"input\"],\"columns[0].dictType\":[\"\"],\"columns[1].columnId\":[\"29\"],\"columns[1].sort\":[\"2\"],\"columns[1].columnComment\":[\"微信名称\"],\"columns[1].javaType\":[\"String\"],\"columns[1].javaField\":[\"nickname\"],\"columns[1].isInsert\":[\"1\"],\"columns[1].isEdit\":[\"1\"],\"columns[1].isList\":[\"1\"],\"columns[1].queryType\":[\"LIKE\"],\"columns[1].htmlType\":[\"input\"],\"columns[1].dictType\":[\"\"],\"columns[2].columnId\":[\"30\"],\"columns[2].sort\":[\"3\"],\"columns[2].columnComment\":[\"头像\"],\"columns[2].javaType\":[\"String\"],\"columns[2].javaField\":[\"avatar\"],\"columns[2].isInsert\":[\"1\"],\"columns[2].isEdit\":[\"1\"],\"columns[2].isList\":[\"1\"],\"columns[2].queryType\":[\"EQ\"],\"columns[2].htmlType\":[\"input\"],\"columns[2].dictType\":[\"\"],\"columns[3].columnId\":[\"31\"],\"columns[3].sort\":[\"4\"],\"columns[3].columnComment\":[\"微信唯一标识符\"],\"columns[3].javaType\":[\"String\"],\"columns[3].javaField\":[\"openid\"],\"columns[3].isInsert\":[\"1\"],\"columns[3].isEdit\":[\"1\"],\"columns[3].isList\":[\"1\"],\"columns[3].queryType\":[\"EQ\"],\"columns[3].htmlType\":[\"input\"],\"columns[3].dictType\":[\"\"],\"columns[4].columnId\":[\"32\"],\"columns[4].sort\":[\"5\"],\"columns[4].columnComment\":[\"性别\"],\"columns[4].javaType\":[\"Integer\"],\"columns[4].javaField\":[\"gender\"],\"columns[4].isInsert\":[\"1\"],\"columns[4].isEdit\":[\"1\"],\"columns[4].isList\":[\"1\"],\"columns[4].queryType\":[\"EQ\"],\"columns[4].htmlType\":[\"select\"],\"columns[4].dictType\":[\"sys_user_sex\"],\"columns[5].columnId\":[\"33\"],\"columns[5].sort\":[\"6\"],\"columns[5].columnComment\":[\"创建者\"],\"columns[5].javaType\":[\"String\"],\"columns[5].javaField\":[\"createBy\"],\"columns[5].isInsert\":[\"1\"],\"columns[5].queryType\":[\"EQ\"],\"columns[5].htmlType\":[\"input\"],\"columns[5].dictType\":[\"\"', '{\"msg\":\"操作成功\",\"code\":0}', 0, NULL, '2022-05-27 15:09:24');
INSERT INTO `sys_oper_log` VALUES (122, '代码生成', 8, 'com.ruoyi.project.tool.gen.controller.GenController.download()', 'GET', 1, 'admin', '研发部门', '/tool/gen/download/abucoder_banners', '127.0.0.1', '内网IP', '\"abucoder_banners\"', NULL, 0, NULL, '2022-05-27 15:09:49');
INSERT INTO `sys_oper_log` VALUES (123, '代码生成', 8, 'com.ruoyi.project.tool.gen.controller.GenController.download()', 'GET', 1, 'admin', '研发部门', '/tool/gen/download/abucoder_banners', '127.0.0.1', '内网IP', '\"abucoder_banners\"', NULL, 0, NULL, '2022-05-27 15:09:55');
INSERT INTO `sys_oper_log` VALUES (124, '代码生成', 8, 'com.ruoyi.project.tool.gen.controller.GenController.download()', 'GET', 1, 'admin', '研发部门', '/tool/gen/download/abucoder_items', '127.0.0.1', '内网IP', '\"abucoder_items\"', NULL, 0, NULL, '2022-05-27 15:11:46');
INSERT INTO `sys_oper_log` VALUES (125, '代码生成', 8, 'com.ruoyi.project.tool.gen.controller.GenController.download()', 'GET', 1, 'admin', '研发部门', '/tool/gen/download/abucoder_items', '127.0.0.1', '内网IP', '\"abucoder_items\"', NULL, 0, NULL, '2022-05-27 15:11:50');
INSERT INTO `sys_oper_log` VALUES (126, '代码生成', 8, 'com.ruoyi.project.tool.gen.controller.GenController.download()', 'GET', 1, 'admin', '研发部门', '/tool/gen/download/abucoder_programs', '127.0.0.1', '内网IP', '\"abucoder_programs\"', NULL, 0, NULL, '2022-05-27 15:12:41');
INSERT INTO `sys_oper_log` VALUES (127, '代码生成', 8, 'com.ruoyi.project.tool.gen.controller.GenController.download()', 'GET', 1, 'admin', '研发部门', '/tool/gen/download/abucoder_programs', '127.0.0.1', '内网IP', '\"abucoder_programs\"', NULL, 0, NULL, '2022-05-27 15:12:45');
INSERT INTO `sys_oper_log` VALUES (128, '代码生成', 8, 'com.ruoyi.project.tool.gen.controller.GenController.download()', 'GET', 1, 'admin', '研发部门', '/tool/gen/download/abucoder_wxuser', '127.0.0.1', '内网IP', '\"abucoder_wxuser\"', NULL, 0, NULL, '2022-05-27 15:13:33');
INSERT INTO `sys_oper_log` VALUES (129, '代码生成', 8, 'com.ruoyi.project.tool.gen.controller.GenController.download()', 'GET', 1, 'admin', '研发部门', '/tool/gen/download/abucoder_wxuser', '127.0.0.1', '内网IP', '\"abucoder_wxuser\"', NULL, 0, NULL, '2022-05-27 15:13:37');
INSERT INTO `sys_oper_log` VALUES (130, '代码生成', 2, 'com.ruoyi.project.tool.gen.controller.GenController.editSave()', 'POST', 1, 'admin', '研发部门', '/tool/gen/edit', '127.0.0.1', '内网IP', '{\"tableId\":[\"1\"],\"tableName\":[\"abucoder_banners\"],\"tableComment\":[\"轮播图表\"],\"className\":[\"AbucoderBanners\"],\"functionAuthor\":[\"阿卜 QQ932696181\"],\"remark\":[\"\"],\"columns[0].columnId\":[\"1\"],\"columns[0].sort\":[\"1\"],\"columns[0].columnComment\":[\"ID\"],\"columns[0].javaType\":[\"Long\"],\"columns[0].javaField\":[\"id\"],\"columns[0].isInsert\":[\"1\"],\"columns[0].queryType\":[\"EQ\"],\"columns[0].htmlType\":[\"input\"],\"columns[0].dictType\":[\"\"],\"columns[1].columnId\":[\"2\"],\"columns[1].sort\":[\"2\"],\"columns[1].columnComment\":[\"轮播图标题\"],\"columns[1].javaType\":[\"String\"],\"columns[1].javaField\":[\"bannerTitle\"],\"columns[1].isInsert\":[\"1\"],\"columns[1].isEdit\":[\"1\"],\"columns[1].isList\":[\"1\"],\"columns[1].queryType\":[\"EQ\"],\"columns[1].htmlType\":[\"input\"],\"columns[1].dictType\":[\"\"],\"columns[2].columnId\":[\"3\"],\"columns[2].sort\":[\"3\"],\"columns[2].columnComment\":[\"轮播图连接\"],\"columns[2].javaType\":[\"String\"],\"columns[2].javaField\":[\"bannerUrl\"],\"columns[2].isInsert\":[\"1\"],\"columns[2].isEdit\":[\"1\"],\"columns[2].isList\":[\"1\"],\"columns[2].queryType\":[\"EQ\"],\"columns[2].htmlType\":[\"input\"],\"columns[2].dictType\":[\"\"],\"columns[3].columnId\":[\"4\"],\"columns[3].sort\":[\"4\"],\"columns[3].columnComment\":[\"图片\"],\"columns[3].javaType\":[\"String\"],\"columns[3].javaField\":[\"bannerImg\"],\"columns[3].isInsert\":[\"1\"],\"columns[3].isEdit\":[\"1\"],\"columns[3].isList\":[\"1\"],\"columns[3].queryType\":[\"EQ\"],\"columns[3].htmlType\":[\"input\"],\"columns[3].dictType\":[\"\"],\"columns[4].columnId\":[\"5\"],\"columns[4].sort\":[\"5\"],\"columns[4].columnComment\":[\"创建者\"],\"columns[4].javaType\":[\"String\"],\"columns[4].javaField\":[\"createBy\"],\"columns[4].isInsert\":[\"1\"],\"columns[4].queryType\":[\"EQ\"],\"columns[4].htmlType\":[\"upload\"],\"columns[4].dictType\":[\"\"],\"columns[5].columnId\":[\"6\"],\"columns[5].sort\":[\"6\"],\"columns[5].columnComment\":[\"创建时间\"],\"columns[5].javaType\":[\"Date\"],\"columns[5].javaField\":[\"createTime\"],\"columns[5].isInsert\":[\"1\"],\"columns[5].queryType\":[\"EQ\"],\"columns[5].htmlType\":[\"datetime\"],\"columns[5].dictType\":[\"\"],\"columns[6].columnId\":[\"7\"],\"columns[6].sort\":', '{\"msg\":\"操作成功\",\"code\":0}', 0, NULL, '2022-05-27 15:37:37');
INSERT INTO `sys_oper_log` VALUES (131, '代码生成', 2, 'com.ruoyi.project.tool.gen.controller.GenController.editSave()', 'POST', 1, 'admin', '研发部门', '/tool/gen/edit', '127.0.0.1', '内网IP', '{\"tableId\":[\"2\"],\"tableName\":[\"abucoder_items\"],\"tableComment\":[\"推荐项目表\"],\"className\":[\"AbucoderItems\"],\"functionAuthor\":[\"阿卜 QQ932696181\"],\"remark\":[\"\"],\"columns[0].columnId\":[\"10\"],\"columns[0].sort\":[\"1\"],\"columns[0].columnComment\":[\"ID\"],\"columns[0].javaType\":[\"Long\"],\"columns[0].javaField\":[\"id\"],\"columns[0].isInsert\":[\"1\"],\"columns[0].queryType\":[\"EQ\"],\"columns[0].htmlType\":[\"input\"],\"columns[0].dictType\":[\"\"],\"columns[1].columnId\":[\"11\"],\"columns[1].sort\":[\"2\"],\"columns[1].columnComment\":[\"项目名称\"],\"columns[1].javaType\":[\"String\"],\"columns[1].javaField\":[\"itemName\"],\"columns[1].isInsert\":[\"1\"],\"columns[1].isEdit\":[\"1\"],\"columns[1].isList\":[\"1\"],\"columns[1].queryType\":[\"LIKE\"],\"columns[1].htmlType\":[\"input\"],\"columns[1].dictType\":[\"\"],\"columns[2].columnId\":[\"12\"],\"columns[2].sort\":[\"3\"],\"columns[2].columnComment\":[\"项目介绍\"],\"columns[2].javaType\":[\"String\"],\"columns[2].javaField\":[\"itemDesc\"],\"columns[2].isInsert\":[\"1\"],\"columns[2].isEdit\":[\"1\"],\"columns[2].isList\":[\"1\"],\"columns[2].queryType\":[\"EQ\"],\"columns[2].htmlType\":[\"input\"],\"columns[2].dictType\":[\"\"],\"columns[3].columnId\":[\"13\"],\"columns[3].sort\":[\"4\"],\"columns[3].columnComment\":[\"项目内容\"],\"columns[3].javaType\":[\"String\"],\"columns[3].javaField\":[\"itemContent\"],\"columns[3].isInsert\":[\"1\"],\"columns[3].isEdit\":[\"1\"],\"columns[3].queryType\":[\"EQ\"],\"columns[3].htmlType\":[\"summernote\"],\"columns[3].dictType\":[\"\"],\"columns[4].columnId\":[\"14\"],\"columns[4].sort\":[\"5\"],\"columns[4].columnComment\":[\"创建者\"],\"columns[4].javaType\":[\"String\"],\"columns[4].javaField\":[\"createBy\"],\"columns[4].isInsert\":[\"1\"],\"columns[4].queryType\":[\"EQ\"],\"columns[4].htmlType\":[\"input\"],\"columns[4].dictType\":[\"\"],\"columns[5].columnId\":[\"15\"],\"columns[5].sort\":[\"6\"],\"columns[5].columnComment\":[\"创建时间\"],\"columns[5].javaType\":[\"Date\"],\"columns[5].javaField\":[\"createTime\"],\"columns[5].isInsert\":[\"1\"],\"columns[5].queryType\":[\"EQ\"],\"columns[5].htmlType\":[\"datetime\"],\"columns[5].dictType\":[\"\"],\"columns[6].columnId\":[\"16\"],\"columns[6].sort\":[\"7\"],\"columns[6].', '{\"msg\":\"操作成功\",\"code\":0}', 0, NULL, '2022-05-27 15:37:57');
INSERT INTO `sys_oper_log` VALUES (132, '代码生成', 2, 'com.ruoyi.project.tool.gen.controller.GenController.editSave()', 'POST', 1, 'admin', '研发部门', '/tool/gen/edit', '127.0.0.1', '内网IP', '{\"tableId\":[\"3\"],\"tableName\":[\"abucoder_programs\"],\"tableComment\":[\"推荐开源项目表\"],\"className\":[\"AbucoderPrograms\"],\"functionAuthor\":[\"阿卜 QQ932696181\"],\"remark\":[\"\"],\"columns[0].columnId\":[\"19\"],\"columns[0].sort\":[\"1\"],\"columns[0].columnComment\":[\"ID\"],\"columns[0].javaType\":[\"Long\"],\"columns[0].javaField\":[\"id\"],\"columns[0].isInsert\":[\"1\"],\"columns[0].queryType\":[\"EQ\"],\"columns[0].htmlType\":[\"input\"],\"columns[0].dictType\":[\"\"],\"columns[1].columnId\":[\"20\"],\"columns[1].sort\":[\"2\"],\"columns[1].columnComment\":[\"项目名称\"],\"columns[1].javaType\":[\"String\"],\"columns[1].javaField\":[\"programName\"],\"columns[1].isInsert\":[\"1\"],\"columns[1].isEdit\":[\"1\"],\"columns[1].isList\":[\"1\"],\"columns[1].queryType\":[\"LIKE\"],\"columns[1].htmlType\":[\"input\"],\"columns[1].dictType\":[\"\"],\"columns[2].columnId\":[\"21\"],\"columns[2].sort\":[\"3\"],\"columns[2].columnComment\":[\"标签\"],\"columns[2].javaType\":[\"String\"],\"columns[2].javaField\":[\"programTag\"],\"columns[2].isInsert\":[\"1\"],\"columns[2].isEdit\":[\"1\"],\"columns[2].isList\":[\"1\"],\"columns[2].queryType\":[\"EQ\"],\"columns[2].htmlType\":[\"input\"],\"columns[2].dictType\":[\"\"],\"columns[3].columnId\":[\"22\"],\"columns[3].sort\":[\"4\"],\"columns[3].columnComment\":[\"项目介绍\"],\"columns[3].javaType\":[\"String\"],\"columns[3].javaField\":[\"programContent\"],\"columns[3].isInsert\":[\"1\"],\"columns[3].isEdit\":[\"1\"],\"columns[3].isList\":[\"1\"],\"columns[3].queryType\":[\"EQ\"],\"columns[3].htmlType\":[\"summernote\"],\"columns[3].dictType\":[\"\"],\"columns[4].columnId\":[\"23\"],\"columns[4].sort\":[\"5\"],\"columns[4].columnComment\":[\"创建者\"],\"columns[4].javaType\":[\"String\"],\"columns[4].javaField\":[\"createBy\"],\"columns[4].isInsert\":[\"1\"],\"columns[4].queryType\":[\"EQ\"],\"columns[4].htmlType\":[\"input\"],\"columns[4].dictType\":[\"\"],\"columns[5].columnId\":[\"24\"],\"columns[5].sort\":[\"6\"],\"columns[5].columnComment\":[\"创建时间\"],\"columns[5].javaType\":[\"Date\"],\"columns[5].javaField\":[\"createTime\"],\"columns[5].isInsert\":[\"1\"],\"columns[5].queryType\":[\"EQ\"],\"columns[5].htmlType\":[\"datetime\"],\"columns[5].dictType\":[\"\"],\"columns[6].columnId\":[\"2', '{\"msg\":\"操作成功\",\"code\":0}', 0, NULL, '2022-05-27 15:38:03');
INSERT INTO `sys_oper_log` VALUES (133, '代码生成', 2, 'com.ruoyi.project.tool.gen.controller.GenController.editSave()', 'POST', 1, 'admin', '研发部门', '/tool/gen/edit', '127.0.0.1', '内网IP', '{\"tableId\":[\"4\"],\"tableName\":[\"abucoder_wxuser\"],\"tableComment\":[\"微信用户表\"],\"className\":[\"AbucoderWxuser\"],\"functionAuthor\":[\"ruoyi\"],\"remark\":[\"\"],\"columns[0].columnId\":[\"28\"],\"columns[0].sort\":[\"1\"],\"columns[0].columnComment\":[\"ID\"],\"columns[0].javaType\":[\"Long\"],\"columns[0].javaField\":[\"id\"],\"columns[0].isInsert\":[\"1\"],\"columns[0].queryType\":[\"EQ\"],\"columns[0].htmlType\":[\"input\"],\"columns[0].dictType\":[\"\"],\"columns[1].columnId\":[\"29\"],\"columns[1].sort\":[\"2\"],\"columns[1].columnComment\":[\"微信名称\"],\"columns[1].javaType\":[\"String\"],\"columns[1].javaField\":[\"nickname\"],\"columns[1].isInsert\":[\"1\"],\"columns[1].isEdit\":[\"1\"],\"columns[1].isList\":[\"1\"],\"columns[1].queryType\":[\"LIKE\"],\"columns[1].htmlType\":[\"input\"],\"columns[1].dictType\":[\"\"],\"columns[2].columnId\":[\"30\"],\"columns[2].sort\":[\"3\"],\"columns[2].columnComment\":[\"头像\"],\"columns[2].javaType\":[\"String\"],\"columns[2].javaField\":[\"avatar\"],\"columns[2].isInsert\":[\"1\"],\"columns[2].isEdit\":[\"1\"],\"columns[2].isList\":[\"1\"],\"columns[2].queryType\":[\"EQ\"],\"columns[2].htmlType\":[\"input\"],\"columns[2].dictType\":[\"\"],\"columns[3].columnId\":[\"31\"],\"columns[3].sort\":[\"4\"],\"columns[3].columnComment\":[\"微信唯一标识符\"],\"columns[3].javaType\":[\"String\"],\"columns[3].javaField\":[\"openid\"],\"columns[3].isInsert\":[\"1\"],\"columns[3].isEdit\":[\"1\"],\"columns[3].isList\":[\"1\"],\"columns[3].queryType\":[\"EQ\"],\"columns[3].htmlType\":[\"input\"],\"columns[3].dictType\":[\"\"],\"columns[4].columnId\":[\"32\"],\"columns[4].sort\":[\"5\"],\"columns[4].columnComment\":[\"性别\"],\"columns[4].javaType\":[\"Integer\"],\"columns[4].javaField\":[\"gender\"],\"columns[4].isInsert\":[\"1\"],\"columns[4].isEdit\":[\"1\"],\"columns[4].isList\":[\"1\"],\"columns[4].queryType\":[\"EQ\"],\"columns[4].htmlType\":[\"select\"],\"columns[4].dictType\":[\"sys_user_sex\"],\"columns[5].columnId\":[\"33\"],\"columns[5].sort\":[\"6\"],\"columns[5].columnComment\":[\"创建者\"],\"columns[5].javaType\":[\"String\"],\"columns[5].javaField\":[\"createBy\"],\"columns[5].isInsert\":[\"1\"],\"columns[5].queryType\":[\"EQ\"],\"columns[5].htmlType\":[\"input\"],\"columns[5].dictType\":[\"\"', '{\"msg\":\"操作成功\",\"code\":0}', 0, NULL, '2022-05-27 15:38:07');
INSERT INTO `sys_oper_log` VALUES (134, '代码生成', 8, 'com.ruoyi.project.tool.gen.controller.GenController.download()', 'GET', 1, 'admin', '研发部门', '/tool/gen/download/abucoder_banners', '127.0.0.1', '内网IP', '\"abucoder_banners\"', NULL, 0, NULL, '2022-05-27 15:38:10');
INSERT INTO `sys_oper_log` VALUES (135, '代码生成', 8, 'com.ruoyi.project.tool.gen.controller.GenController.download()', 'GET', 1, 'admin', '研发部门', '/tool/gen/download/abucoder_banners', '127.0.0.1', '内网IP', '\"abucoder_banners\"', NULL, 0, NULL, '2022-05-27 15:38:17');
INSERT INTO `sys_oper_log` VALUES (136, '代码生成', 8, 'com.ruoyi.project.tool.gen.controller.GenController.download()', 'GET', 1, 'admin', '研发部门', '/tool/gen/download/abucoder_banners', '127.0.0.1', '内网IP', '\"abucoder_banners\"', NULL, 0, NULL, '2022-05-27 15:39:19');
INSERT INTO `sys_oper_log` VALUES (137, '代码生成', 8, 'com.ruoyi.project.tool.gen.controller.GenController.download()', 'GET', 1, 'admin', '研发部门', '/tool/gen/download/abucoder_banners', '127.0.0.1', '内网IP', '\"abucoder_banners\"', NULL, 0, NULL, '2022-05-27 15:39:24');
INSERT INTO `sys_oper_log` VALUES (138, '代码生成', 8, 'com.ruoyi.project.tool.gen.controller.GenController.download()', 'GET', 1, 'admin', '研发部门', '/tool/gen/download/abucoder_items', '127.0.0.1', '内网IP', '\"abucoder_items\"', NULL, 0, NULL, '2022-05-27 15:40:43');
INSERT INTO `sys_oper_log` VALUES (139, '代码生成', 8, 'com.ruoyi.project.tool.gen.controller.GenController.download()', 'GET', 1, 'admin', '研发部门', '/tool/gen/download/abucoder_items', '127.0.0.1', '内网IP', '\"abucoder_items\"', NULL, 0, NULL, '2022-05-27 15:40:46');
INSERT INTO `sys_oper_log` VALUES (140, '代码生成', 8, 'com.ruoyi.project.tool.gen.controller.GenController.download()', 'GET', 1, 'admin', '研发部门', '/tool/gen/download/abucoder_programs', '127.0.0.1', '内网IP', '\"abucoder_programs\"', NULL, 0, NULL, '2022-05-27 15:41:27');
INSERT INTO `sys_oper_log` VALUES (141, '代码生成', 8, 'com.ruoyi.project.tool.gen.controller.GenController.download()', 'GET', 1, 'admin', '研发部门', '/tool/gen/download/abucoder_programs', '127.0.0.1', '内网IP', '\"abucoder_programs\"', NULL, 0, NULL, '2022-05-27 15:41:29');
INSERT INTO `sys_oper_log` VALUES (142, '代码生成', 8, 'com.ruoyi.project.tool.gen.controller.GenController.download()', 'GET', 1, 'admin', '研发部门', '/tool/gen/download/abucoder_wxuser', '127.0.0.1', '内网IP', '\"abucoder_wxuser\"', NULL, 0, NULL, '2022-05-27 15:41:57');
INSERT INTO `sys_oper_log` VALUES (143, '代码生成', 8, 'com.ruoyi.project.tool.gen.controller.GenController.download()', 'GET', 1, 'admin', '研发部门', '/tool/gen/download/abucoder_wxuser', '127.0.0.1', '内网IP', '\"abucoder_wxuser\"', NULL, 0, NULL, '2022-05-27 15:42:00');
INSERT INTO `sys_oper_log` VALUES (144, '代码生成', 2, 'com.ruoyi.project.tool.gen.controller.GenController.editSave()', 'POST', 1, 'admin', '研发部门', '/tool/gen/edit', '127.0.0.1', '内网IP', '{\"tableId\":[\"1\"],\"tableName\":[\"abucoder_banners\"],\"tableComment\":[\"轮播图表\"],\"className\":[\"AbucoderBanners\"],\"functionAuthor\":[\"阿卜 QQ932696181\"],\"remark\":[\"\"],\"columns[0].columnId\":[\"1\"],\"columns[0].sort\":[\"1\"],\"columns[0].columnComment\":[\"ID\"],\"columns[0].javaType\":[\"Long\"],\"columns[0].javaField\":[\"id\"],\"columns[0].isInsert\":[\"1\"],\"columns[0].queryType\":[\"EQ\"],\"columns[0].htmlType\":[\"input\"],\"columns[0].dictType\":[\"\"],\"columns[1].columnId\":[\"2\"],\"columns[1].sort\":[\"2\"],\"columns[1].columnComment\":[\"轮播图标题\"],\"columns[1].javaType\":[\"String\"],\"columns[1].javaField\":[\"bannerTitle\"],\"columns[1].isInsert\":[\"1\"],\"columns[1].isEdit\":[\"1\"],\"columns[1].isList\":[\"1\"],\"columns[1].queryType\":[\"EQ\"],\"columns[1].htmlType\":[\"input\"],\"columns[1].dictType\":[\"\"],\"columns[2].columnId\":[\"3\"],\"columns[2].sort\":[\"3\"],\"columns[2].columnComment\":[\"轮播图连接\"],\"columns[2].javaType\":[\"String\"],\"columns[2].javaField\":[\"bannerUrl\"],\"columns[2].isInsert\":[\"1\"],\"columns[2].isEdit\":[\"1\"],\"columns[2].isList\":[\"1\"],\"columns[2].queryType\":[\"EQ\"],\"columns[2].htmlType\":[\"input\"],\"columns[2].dictType\":[\"\"],\"columns[3].columnId\":[\"4\"],\"columns[3].sort\":[\"4\"],\"columns[3].columnComment\":[\"图片\"],\"columns[3].javaType\":[\"String\"],\"columns[3].javaField\":[\"bannerImg\"],\"columns[3].isInsert\":[\"1\"],\"columns[3].isEdit\":[\"1\"],\"columns[3].isList\":[\"1\"],\"columns[3].queryType\":[\"EQ\"],\"columns[3].htmlType\":[\"upload\"],\"columns[3].dictType\":[\"\"],\"columns[4].columnId\":[\"5\"],\"columns[4].sort\":[\"5\"],\"columns[4].columnComment\":[\"创建者\"],\"columns[4].javaType\":[\"String\"],\"columns[4].javaField\":[\"createBy\"],\"columns[4].isInsert\":[\"1\"],\"columns[4].queryType\":[\"EQ\"],\"columns[4].htmlType\":[\"datetime\"],\"columns[4].dictType\":[\"\"],\"columns[5].columnId\":[\"6\"],\"columns[5].sort\":[\"6\"],\"columns[5].columnComment\":[\"创建时间\"],\"columns[5].javaType\":[\"Date\"],\"columns[5].javaField\":[\"createTime\"],\"columns[5].isInsert\":[\"1\"],\"columns[5].queryType\":[\"EQ\"],\"columns[5].htmlType\":[\"datetime\"],\"columns[5].dictType\":[\"\"],\"columns[6].columnId\":[\"7\"],\"columns[6].sor', '{\"msg\":\"操作成功\",\"code\":0}', 0, NULL, '2022-05-27 15:46:37');
INSERT INTO `sys_oper_log` VALUES (145, '轮播图', 1, 'com.ruoyi.project.abucoder.banners.controller.AbucoderBannersController.addSave()', 'POST', 1, 'admin', '研发部门', '/abucoder/banners/add', '127.0.0.1', '内网IP', '{\"bannerTitle\":[\"轮播图1\"],\"bannerUrl\":[\"\"],\"bannerImg\":[\"http://localhost/profile/upload/2022/05/27/swipper1_20220527155331A001.jpg\"],\"remark\":[\"\"]}', '{\"msg\":\"操作成功\",\"code\":0}', 0, NULL, '2022-05-27 15:53:56');
INSERT INTO `sys_oper_log` VALUES (146, '轮播图', 1, 'com.ruoyi.project.abucoder.banners.controller.AbucoderBannersController.addSave()', 'POST', 1, 'admin', '研发部门', '/abucoder/banners/add', '127.0.0.1', '内网IP', '{\"bannerTitle\":[\"轮播图2\"],\"bannerUrl\":[\"\"],\"bannerImg\":[\"http://localhost/profile/upload/2022/05/27/swipper2_20220527155425A002.jpg\"],\"remark\":[\"\"]}', '{\"msg\":\"操作成功\",\"code\":0}', 0, NULL, '2022-05-27 15:54:27');
INSERT INTO `sys_oper_log` VALUES (147, '推荐项目', 1, 'com.ruoyi.project.abucoder.items.controller.AbucoderItemsController.addSave()', 'POST', 1, 'admin', '研发部门', '/abucoder/items/add', '127.0.0.1', '内网IP', '{\"itemName\":[\"专业证件照\"],\"itemDesc\":[\"基于uniapp的专业证件照制作小程序，欢迎访问...\"],\"itemContent\":[\"<p>基于uniapp的专业证件照制作小程序，欢迎访问...<br></p>\"],\"remark\":[\"\"]}', '{\"msg\":\"操作成功\",\"code\":0}', 0, NULL, '2022-05-27 15:55:03');
INSERT INTO `sys_oper_log` VALUES (148, '推荐项目', 1, 'com.ruoyi.project.abucoder.items.controller.AbucoderItemsController.addSave()', 'POST', 1, 'admin', '研发部门', '/abucoder/items/add', '127.0.0.1', '内网IP', '{\"itemName\":[\"极速去水印\"],\"itemDesc\":[\"基于uniapp的专业极速去水印助手小程序，欢迎访问...\"],\"itemContent\":[\"<p>基于uniapp的专业极速去水印助手小程序，欢迎访问...<br></p>\"],\"remark\":[\"\"]}', '{\"msg\":\"操作成功\",\"code\":0}', 0, NULL, '2022-05-27 15:55:16');
INSERT INTO `sys_oper_log` VALUES (149, '推荐项目', 1, 'com.ruoyi.project.abucoder.items.controller.AbucoderItemsController.addSave()', 'POST', 1, 'admin', '研发部门', '/abucoder/items/add', '127.0.0.1', '内网IP', '{\"itemName\":[\"证件照（民族语言版）\"],\"itemDesc\":[\"基于uniapp的专业证件照制作小程序民族语言版...\"],\"itemContent\":[\"<p>基于uniapp的专业证件照制作小程序民族语言版...<br></p>\"],\"remark\":[\"\"]}', '{\"msg\":\"操作成功\",\"code\":0}', 0, NULL, '2022-05-27 15:55:29');
INSERT INTO `sys_oper_log` VALUES (150, '推荐开源项目', 1, 'com.ruoyi.project.abucoder.programs.controller.AbucoderProgramsController.addSave()', 'POST', 1, 'admin', '研发部门', '/abucoder/programs/add', '127.0.0.1', '内网IP', '{\"programName\":[\"若依开源框架\"],\"programTag\":[\"Gitee开源\"],\"programContent\":[\"<div class=\\\"b\\\" style=\\\"font-size: 65px; color: rgb(255, 255, 255); font-weight: bold; font-family: &quot;microsoft yahei&quot;, Helvetica, Tahoma, Arial, &quot;Microsoft jhengHei&quot;, sans-serif;\\\"><span style=\\\"background-color: rgb(0, 0, 0);\\\">若依管理系统</span></div><div class=\\\"s\\\" style=\\\"font-size: 22px; color: rgb(255, 255, 255); line-height: 40px; margin: 20px 0px 44px; font-family: &quot;microsoft yahei&quot;, Helvetica, Tahoma, Arial, &quot;Microsoft jhengHei&quot;, sans-serif;\\\"><span style=\\\"background-color: rgb(0, 0, 0);\\\">基于SpringBoot的权限管理系统</span></div>\"],\"remark\":[\"\"]}', '{\"msg\":\"操作成功\",\"code\":0}', 0, NULL, '2022-05-27 15:57:05');
INSERT INTO `sys_oper_log` VALUES (151, '代码生成', 2, 'com.ruoyi.project.tool.gen.controller.GenController.synchDb()', 'GET', 1, 'admin', '研发部门', '/tool/gen/synchDb/abucoder_programs', '127.0.0.1', '内网IP', '\"abucoder_programs\"', '{\"msg\":\"操作成功\",\"code\":0}', 0, NULL, '2022-05-27 15:58:41');
INSERT INTO `sys_oper_log` VALUES (152, '代码生成', 2, 'com.ruoyi.project.tool.gen.controller.GenController.editSave()', 'POST', 1, 'admin', '研发部门', '/tool/gen/edit', '127.0.0.1', '内网IP', '{\"tableId\":[\"3\"],\"tableName\":[\"abucoder_programs\"],\"tableComment\":[\"推荐开源项目表\"],\"className\":[\"AbucoderPrograms\"],\"functionAuthor\":[\"阿卜 QQ932696181\"],\"remark\":[\"\"],\"columns[0].columnId\":[\"19\"],\"columns[0].sort\":[\"1\"],\"columns[0].columnComment\":[\"ID\"],\"columns[0].javaType\":[\"Long\"],\"columns[0].javaField\":[\"id\"],\"columns[0].isInsert\":[\"1\"],\"columns[0].queryType\":[\"EQ\"],\"columns[0].htmlType\":[\"input\"],\"columns[0].dictType\":[\"\"],\"columns[1].columnId\":[\"20\"],\"columns[1].sort\":[\"2\"],\"columns[1].columnComment\":[\"项目名称\"],\"columns[1].javaType\":[\"String\"],\"columns[1].javaField\":[\"programName\"],\"columns[1].isInsert\":[\"1\"],\"columns[1].isEdit\":[\"1\"],\"columns[1].isList\":[\"1\"],\"columns[1].queryType\":[\"LIKE\"],\"columns[1].htmlType\":[\"input\"],\"columns[1].dictType\":[\"\"],\"columns[2].columnId\":[\"21\"],\"columns[2].sort\":[\"3\"],\"columns[2].columnComment\":[\"标签\"],\"columns[2].javaType\":[\"String\"],\"columns[2].javaField\":[\"programTag\"],\"columns[2].isInsert\":[\"1\"],\"columns[2].isEdit\":[\"1\"],\"columns[2].isList\":[\"1\"],\"columns[2].queryType\":[\"EQ\"],\"columns[2].htmlType\":[\"input\"],\"columns[2].dictType\":[\"\"],\"columns[3].columnId\":[\"38\"],\"columns[3].sort\":[\"4\"],\"columns[3].columnComment\":[\"图片\"],\"columns[3].javaType\":[\"String\"],\"columns[3].javaField\":[\"programImg\"],\"columns[3].isInsert\":[\"1\"],\"columns[3].isEdit\":[\"1\"],\"columns[3].isList\":[\"1\"],\"columns[3].queryType\":[\"EQ\"],\"columns[3].htmlType\":[\"upload\"],\"columns[3].dictType\":[\"\"],\"columns[4].columnId\":[\"22\"],\"columns[4].sort\":[\"5\"],\"columns[4].columnComment\":[\"项目介绍\"],\"columns[4].javaType\":[\"String\"],\"columns[4].javaField\":[\"programContent\"],\"columns[4].isInsert\":[\"1\"],\"columns[4].isEdit\":[\"1\"],\"columns[4].isList\":[\"1\"],\"columns[4].queryType\":[\"EQ\"],\"columns[4].htmlType\":[\"summernote\"],\"columns[4].dictType\":[\"\"],\"columns[5].columnId\":[\"23\"],\"columns[5].sort\":[\"6\"],\"columns[5].columnComment\":[\"创建者\"],\"columns[5].javaType\":[\"String\"],\"columns[5].javaField\":[\"createBy\"],\"columns[5].isInsert\":[\"1\"],\"columns[5].queryType\":[\"EQ\"],\"columns[5].htmlType\":[\"input\"],\"c', '{\"msg\":\"操作成功\",\"code\":0}', 0, NULL, '2022-05-27 15:58:53');
INSERT INTO `sys_oper_log` VALUES (153, '推荐开源项目', 2, 'com.ruoyi.project.abucoder.programs.controller.AbucoderProgramsController.editSave()', 'POST', 1, 'admin', '研发部门', '/abucoder/programs/edit', '127.0.0.1', '内网IP', '{\"id\":[\"1\"],\"programName\":[\"若依开源框架\"],\"programTag\":[\"Gitee开源\"],\"programImg\":[\"http://localhost/profile/upload/2022/05/27/微信截图_20220527155608_20220527160134A001.png\"],\"programContent\":[\"<div class=\\\"b\\\" style=\\\"font-size: 65px; color: rgb(255, 255, 255); font-weight: bold; font-family: &quot;microsoft yahei&quot;, Helvetica, Tahoma, Arial, &quot;Microsoft jhengHei&quot;, sans-serif;\\\"><span style=\\\"background-color: rgb(0, 0, 0);\\\">若依管理系统</span></div><div class=\\\"s\\\" style=\\\"font-size: 22px; color: rgb(255, 255, 255); line-height: 40px; margin: 20px 0px 44px; font-family: &quot;microsoft yahei&quot;, Helvetica, Tahoma, Arial, &quot;Microsoft jhengHei&quot;, sans-serif;\\\"><span style=\\\"background-color: rgb(0, 0, 0);\\\">基于SpringBoot的权限管理系统</span></div>\"],\"remark\":[\"\"]}', '{\"msg\":\"操作成功\",\"code\":0}', 0, NULL, '2022-05-27 16:01:35');

-- ----------------------------
-- Table structure for sys_post
-- ----------------------------
DROP TABLE IF EXISTS `sys_post`;
CREATE TABLE `sys_post`  (
  `post_id` bigint(20) NOT NULL AUTO_INCREMENT COMMENT '岗位ID',
  `post_code` varchar(64) CHARACTER SET utf8mb4 COLLATE utf8mb4_general_ci NOT NULL COMMENT '岗位编码',
  `post_name` varchar(50) CHARACTER SET utf8mb4 COLLATE utf8mb4_general_ci NOT NULL COMMENT '岗位名称',
  `post_sort` int(4) NOT NULL COMMENT '显示顺序',
  `status` char(1) CHARACTER SET utf8mb4 COLLATE utf8mb4_general_ci NOT NULL COMMENT '状态（0正常 1停用）',
  `create_by` varchar(64) CHARACTER SET utf8mb4 COLLATE utf8mb4_general_ci NULL DEFAULT '' COMMENT '创建者',
  `create_time` datetime(0) NULL DEFAULT NULL COMMENT '创建时间',
  `update_by` varchar(64) CHARACTER SET utf8mb4 COLLATE utf8mb4_general_ci NULL DEFAULT '' COMMENT '更新者',
  `update_time` datetime(0) NULL DEFAULT NULL COMMENT '更新时间',
  `remark` varchar(500) CHARACTER SET utf8mb4 COLLATE utf8mb4_general_ci NULL DEFAULT NULL COMMENT '备注',
  PRIMARY KEY (`post_id`) USING BTREE
) ENGINE = InnoDB AUTO_INCREMENT = 5 CHARACTER SET = utf8mb4 COLLATE = utf8mb4_general_ci COMMENT = '岗位信息表' ROW_FORMAT = Dynamic;

-- ----------------------------
-- Records of sys_post
-- ----------------------------
INSERT INTO `sys_post` VALUES (1, 'ceo', '董事长', 1, '0', 'admin', '2022-05-26 09:03:36', '', NULL, '');
INSERT INTO `sys_post` VALUES (2, 'se', '项目经理', 2, '0', 'admin', '2022-05-26 09:03:36', '', NULL, '');
INSERT INTO `sys_post` VALUES (3, 'hr', '人力资源', 3, '0', 'admin', '2022-05-26 09:03:36', '', NULL, '');
INSERT INTO `sys_post` VALUES (4, 'user', '普通员工', 4, '0', 'admin', '2022-05-26 09:03:36', '', NULL, '');

-- ----------------------------
-- Table structure for sys_role
-- ----------------------------
DROP TABLE IF EXISTS `sys_role`;
CREATE TABLE `sys_role`  (
  `role_id` bigint(20) NOT NULL AUTO_INCREMENT COMMENT '角色ID',
  `role_name` varchar(30) CHARACTER SET utf8mb4 COLLATE utf8mb4_general_ci NOT NULL COMMENT '角色名称',
  `role_key` varchar(100) CHARACTER SET utf8mb4 COLLATE utf8mb4_general_ci NOT NULL COMMENT '角色权限字符串',
  `role_sort` int(4) NOT NULL COMMENT '显示顺序',
  `data_scope` char(1) CHARACTER SET utf8mb4 COLLATE utf8mb4_general_ci NULL DEFAULT '1' COMMENT '数据范围（1：全部数据权限 2：自定数据权限 3：本部门数据权限 4：本部门及以下数据权限）',
  `status` char(1) CHARACTER SET utf8mb4 COLLATE utf8mb4_general_ci NOT NULL COMMENT '角色状态（0正常 1停用）',
  `del_flag` char(1) CHARACTER SET utf8mb4 COLLATE utf8mb4_general_ci NULL DEFAULT '0' COMMENT '删除标志（0代表存在 2代表删除）',
  `create_by` varchar(64) CHARACTER SET utf8mb4 COLLATE utf8mb4_general_ci NULL DEFAULT '' COMMENT '创建者',
  `create_time` datetime(0) NULL DEFAULT NULL COMMENT '创建时间',
  `update_by` varchar(64) CHARACTER SET utf8mb4 COLLATE utf8mb4_general_ci NULL DEFAULT '' COMMENT '更新者',
  `update_time` datetime(0) NULL DEFAULT NULL COMMENT '更新时间',
  `remark` varchar(500) CHARACTER SET utf8mb4 COLLATE utf8mb4_general_ci NULL DEFAULT NULL COMMENT '备注',
  PRIMARY KEY (`role_id`) USING BTREE
) ENGINE = InnoDB AUTO_INCREMENT = 100 CHARACTER SET = utf8mb4 COLLATE = utf8mb4_general_ci COMMENT = '角色信息表' ROW_FORMAT = Dynamic;

-- ----------------------------
-- Records of sys_role
-- ----------------------------
INSERT INTO `sys_role` VALUES (1, '超级管理员', 'admin', 1, '1', '0', '0', 'admin', '2022-05-26 09:03:36', '', NULL, '超级管理员');
INSERT INTO `sys_role` VALUES (2, '普通角色', 'common', 2, '2', '0', '0', 'admin', '2022-05-26 09:03:36', '', NULL, '普通角色');

-- ----------------------------
-- Table structure for sys_role_dept
-- ----------------------------
DROP TABLE IF EXISTS `sys_role_dept`;
CREATE TABLE `sys_role_dept`  (
  `role_id` bigint(20) NOT NULL COMMENT '角色ID',
  `dept_id` bigint(20) NOT NULL COMMENT '部门ID',
  PRIMARY KEY (`role_id`, `dept_id`) USING BTREE
) ENGINE = InnoDB CHARACTER SET = utf8mb4 COLLATE = utf8mb4_general_ci COMMENT = '角色和部门关联表' ROW_FORMAT = Dynamic;

-- ----------------------------
-- Records of sys_role_dept
-- ----------------------------
INSERT INTO `sys_role_dept` VALUES (2, 100);
INSERT INTO `sys_role_dept` VALUES (2, 101);
INSERT INTO `sys_role_dept` VALUES (2, 105);

-- ----------------------------
-- Table structure for sys_role_menu
-- ----------------------------
DROP TABLE IF EXISTS `sys_role_menu`;
CREATE TABLE `sys_role_menu`  (
  `role_id` bigint(20) NOT NULL COMMENT '角色ID',
  `menu_id` bigint(20) NOT NULL COMMENT '菜单ID',
  PRIMARY KEY (`role_id`, `menu_id`) USING BTREE
) ENGINE = InnoDB CHARACTER SET = utf8mb4 COLLATE = utf8mb4_general_ci COMMENT = '角色和菜单关联表' ROW_FORMAT = Dynamic;

-- ----------------------------
-- Records of sys_role_menu
-- ----------------------------
INSERT INTO `sys_role_menu` VALUES (2, 1);
INSERT INTO `sys_role_menu` VALUES (2, 2);
INSERT INTO `sys_role_menu` VALUES (2, 3);
INSERT INTO `sys_role_menu` VALUES (2, 4);
INSERT INTO `sys_role_menu` VALUES (2, 100);
INSERT INTO `sys_role_menu` VALUES (2, 101);
INSERT INTO `sys_role_menu` VALUES (2, 102);
INSERT INTO `sys_role_menu` VALUES (2, 103);
INSERT INTO `sys_role_menu` VALUES (2, 104);
INSERT INTO `sys_role_menu` VALUES (2, 105);
INSERT INTO `sys_role_menu` VALUES (2, 106);
INSERT INTO `sys_role_menu` VALUES (2, 107);
INSERT INTO `sys_role_menu` VALUES (2, 108);
INSERT INTO `sys_role_menu` VALUES (2, 109);
INSERT INTO `sys_role_menu` VALUES (2, 110);
INSERT INTO `sys_role_menu` VALUES (2, 111);
INSERT INTO `sys_role_menu` VALUES (2, 112);
INSERT INTO `sys_role_menu` VALUES (2, 113);
INSERT INTO `sys_role_menu` VALUES (2, 114);
INSERT INTO `sys_role_menu` VALUES (2, 115);
INSERT INTO `sys_role_menu` VALUES (2, 116);
INSERT INTO `sys_role_menu` VALUES (2, 500);
INSERT INTO `sys_role_menu` VALUES (2, 501);
INSERT INTO `sys_role_menu` VALUES (2, 1000);
INSERT INTO `sys_role_menu` VALUES (2, 1001);
INSERT INTO `sys_role_menu` VALUES (2, 1002);
INSERT INTO `sys_role_menu` VALUES (2, 1003);
INSERT INTO `sys_role_menu` VALUES (2, 1004);
INSERT INTO `sys_role_menu` VALUES (2, 1005);
INSERT INTO `sys_role_menu` VALUES (2, 1006);
INSERT INTO `sys_role_menu` VALUES (2, 1007);
INSERT INTO `sys_role_menu` VALUES (2, 1008);
INSERT INTO `sys_role_menu` VALUES (2, 1009);
INSERT INTO `sys_role_menu` VALUES (2, 1010);
INSERT INTO `sys_role_menu` VALUES (2, 1011);
INSERT INTO `sys_role_menu` VALUES (2, 1012);
INSERT INTO `sys_role_menu` VALUES (2, 1013);
INSERT INTO `sys_role_menu` VALUES (2, 1014);
INSERT INTO `sys_role_menu` VALUES (2, 1015);
INSERT INTO `sys_role_menu` VALUES (2, 1016);
INSERT INTO `sys_role_menu` VALUES (2, 1017);
INSERT INTO `sys_role_menu` VALUES (2, 1018);
INSERT INTO `sys_role_menu` VALUES (2, 1019);
INSERT INTO `sys_role_menu` VALUES (2, 1020);
INSERT INTO `sys_role_menu` VALUES (2, 1021);
INSERT INTO `sys_role_menu` VALUES (2, 1022);
INSERT INTO `sys_role_menu` VALUES (2, 1023);
INSERT INTO `sys_role_menu` VALUES (2, 1024);
INSERT INTO `sys_role_menu` VALUES (2, 1025);
INSERT INTO `sys_role_menu` VALUES (2, 1026);
INSERT INTO `sys_role_menu` VALUES (2, 1027);
INSERT INTO `sys_role_menu` VALUES (2, 1028);
INSERT INTO `sys_role_menu` VALUES (2, 1029);
INSERT INTO `sys_role_menu` VALUES (2, 1030);
INSERT INTO `sys_role_menu` VALUES (2, 1031);
INSERT INTO `sys_role_menu` VALUES (2, 1032);
INSERT INTO `sys_role_menu` VALUES (2, 1033);
INSERT INTO `sys_role_menu` VALUES (2, 1034);
INSERT INTO `sys_role_menu` VALUES (2, 1035);
INSERT INTO `sys_role_menu` VALUES (2, 1036);
INSERT INTO `sys_role_menu` VALUES (2, 1037);
INSERT INTO `sys_role_menu` VALUES (2, 1038);
INSERT INTO `sys_role_menu` VALUES (2, 1039);
INSERT INTO `sys_role_menu` VALUES (2, 1040);
INSERT INTO `sys_role_menu` VALUES (2, 1041);
INSERT INTO `sys_role_menu` VALUES (2, 1042);
INSERT INTO `sys_role_menu` VALUES (2, 1043);
INSERT INTO `sys_role_menu` VALUES (2, 1044);
INSERT INTO `sys_role_menu` VALUES (2, 1045);
INSERT INTO `sys_role_menu` VALUES (2, 1046);
INSERT INTO `sys_role_menu` VALUES (2, 1047);
INSERT INTO `sys_role_menu` VALUES (2, 1048);
INSERT INTO `sys_role_menu` VALUES (2, 1049);
INSERT INTO `sys_role_menu` VALUES (2, 1050);
INSERT INTO `sys_role_menu` VALUES (2, 1051);
INSERT INTO `sys_role_menu` VALUES (2, 1052);
INSERT INTO `sys_role_menu` VALUES (2, 1053);
INSERT INTO `sys_role_menu` VALUES (2, 1054);
INSERT INTO `sys_role_menu` VALUES (2, 1055);
INSERT INTO `sys_role_menu` VALUES (2, 1056);
INSERT INTO `sys_role_menu` VALUES (2, 1057);
INSERT INTO `sys_role_menu` VALUES (2, 1058);
INSERT INTO `sys_role_menu` VALUES (2, 1059);
INSERT INTO `sys_role_menu` VALUES (2, 1060);
INSERT INTO `sys_role_menu` VALUES (2, 1061);

-- ----------------------------
-- Table structure for sys_user
-- ----------------------------
DROP TABLE IF EXISTS `sys_user`;
CREATE TABLE `sys_user`  (
  `user_id` bigint(20) NOT NULL AUTO_INCREMENT COMMENT '用户ID',
  `dept_id` bigint(20) NULL DEFAULT NULL COMMENT '部门ID',
  `login_name` varchar(30) CHARACTER SET utf8mb4 COLLATE utf8mb4_general_ci NOT NULL COMMENT '登录账号',
  `user_name` varchar(30) CHARACTER SET utf8mb4 COLLATE utf8mb4_general_ci NULL DEFAULT '' COMMENT '用户昵称',
  `user_type` varchar(2) CHARACTER SET utf8mb4 COLLATE utf8mb4_general_ci NULL DEFAULT '00' COMMENT '用户类型（00系统用户 01注册用户）',
  `email` varchar(50) CHARACTER SET utf8mb4 COLLATE utf8mb4_general_ci NULL DEFAULT '' COMMENT '用户邮箱',
  `phonenumber` varchar(11) CHARACTER SET utf8mb4 COLLATE utf8mb4_general_ci NULL DEFAULT '' COMMENT '手机号码',
  `sex` char(1) CHARACTER SET utf8mb4 COLLATE utf8mb4_general_ci NULL DEFAULT '0' COMMENT '用户性别（0男 1女 2未知）',
  `avatar` varchar(100) CHARACTER SET utf8mb4 COLLATE utf8mb4_general_ci NULL DEFAULT '' COMMENT '头像路径',
  `password` varchar(50) CHARACTER SET utf8mb4 COLLATE utf8mb4_general_ci NULL DEFAULT '' COMMENT '密码',
  `salt` varchar(20) CHARACTER SET utf8mb4 COLLATE utf8mb4_general_ci NULL DEFAULT '' COMMENT '盐加密',
  `status` char(1) CHARACTER SET utf8mb4 COLLATE utf8mb4_general_ci NULL DEFAULT '0' COMMENT '帐号状态（0正常 1停用）',
  `del_flag` char(1) CHARACTER SET utf8mb4 COLLATE utf8mb4_general_ci NULL DEFAULT '0' COMMENT '删除标志（0代表存在 2代表删除）',
  `login_ip` varchar(128) CHARACTER SET utf8mb4 COLLATE utf8mb4_general_ci NULL DEFAULT '' COMMENT '最后登录IP',
  `login_date` datetime(0) NULL DEFAULT NULL COMMENT '最后登录时间',
  `pwd_update_date` datetime(0) NULL DEFAULT NULL COMMENT '密码最后更新时间',
  `create_by` varchar(64) CHARACTER SET utf8mb4 COLLATE utf8mb4_general_ci NULL DEFAULT '' COMMENT '创建者',
  `create_time` datetime(0) NULL DEFAULT NULL COMMENT '创建时间',
  `update_by` varchar(64) CHARACTER SET utf8mb4 COLLATE utf8mb4_general_ci NULL DEFAULT '' COMMENT '更新者',
  `update_time` datetime(0) NULL DEFAULT NULL COMMENT '更新时间',
  `remark` varchar(500) CHARACTER SET utf8mb4 COLLATE utf8mb4_general_ci NULL DEFAULT NULL COMMENT '备注',
  PRIMARY KEY (`user_id`) USING BTREE
) ENGINE = InnoDB AUTO_INCREMENT = 100 CHARACTER SET = utf8mb4 COLLATE = utf8mb4_general_ci COMMENT = '用户信息表' ROW_FORMAT = Dynamic;

-- ----------------------------
-- Records of sys_user
-- ----------------------------
INSERT INTO `sys_user` VALUES (1, 103, 'admin', '若依', '00', 'ry@163.com', '15888888888', '1', '', '29c67a30398638269fe600f73a054934', '111111', '0', '0', '127.0.0.1', '2022-05-28 14:11:34', '2022-05-26 09:03:36', 'admin', '2022-05-26 09:03:36', '', '2022-05-28 14:11:34', '管理员');
INSERT INTO `sys_user` VALUES (2, 105, 'ry', '若依', '00', 'ry@qq.com', '15666666666', '1', '', '8e6d98b90472783cc73c17047ddccf36', '222222', '0', '0', '127.0.0.1', '2022-05-26 09:03:36', '2022-05-26 09:03:36', 'admin', '2022-05-26 09:03:36', '', NULL, '测试员');

-- ----------------------------
-- Table structure for sys_user_online
-- ----------------------------
DROP TABLE IF EXISTS `sys_user_online`;
CREATE TABLE `sys_user_online`  (
  `sessionId` varchar(50) CHARACTER SET utf8mb4 COLLATE utf8mb4_general_ci NOT NULL DEFAULT '' COMMENT '用户会话id',
  `login_name` varchar(50) CHARACTER SET utf8mb4 COLLATE utf8mb4_general_ci NULL DEFAULT '' COMMENT '登录账号',
  `dept_name` varchar(50) CHARACTER SET utf8mb4 COLLATE utf8mb4_general_ci NULL DEFAULT '' COMMENT '部门名称',
  `ipaddr` varchar(128) CHARACTER SET utf8mb4 COLLATE utf8mb4_general_ci NULL DEFAULT '' COMMENT '登录IP地址',
  `login_location` varchar(255) CHARACTER SET utf8mb4 COLLATE utf8mb4_general_ci NULL DEFAULT '' COMMENT '登录地点',
  `browser` varchar(50) CHARACTER SET utf8mb4 COLLATE utf8mb4_general_ci NULL DEFAULT '' COMMENT '浏览器类型',
  `os` varchar(50) CHARACTER SET utf8mb4 COLLATE utf8mb4_general_ci NULL DEFAULT '' COMMENT '操作系统',
  `status` varchar(10) CHARACTER SET utf8mb4 COLLATE utf8mb4_general_ci NULL DEFAULT '' COMMENT '在线状态on_line在线off_line离线',
  `start_timestamp` datetime(0) NULL DEFAULT NULL COMMENT 'session创建时间',
  `last_access_time` datetime(0) NULL DEFAULT NULL COMMENT 'session最后访问时间',
  `expire_time` int(5) NULL DEFAULT 0 COMMENT '超时时间，单位为分钟',
  PRIMARY KEY (`sessionId`) USING BTREE
) ENGINE = InnoDB CHARACTER SET = utf8mb4 COLLATE = utf8mb4_general_ci COMMENT = '在线用户记录' ROW_FORMAT = Dynamic;

-- ----------------------------
-- Records of sys_user_online
-- ----------------------------

-- ----------------------------
-- Table structure for sys_user_post
-- ----------------------------
DROP TABLE IF EXISTS `sys_user_post`;
CREATE TABLE `sys_user_post`  (
  `user_id` bigint(20) NOT NULL COMMENT '用户ID',
  `post_id` bigint(20) NOT NULL COMMENT '岗位ID',
  PRIMARY KEY (`user_id`, `post_id`) USING BTREE
) ENGINE = InnoDB CHARACTER SET = utf8mb4 COLLATE = utf8mb4_general_ci COMMENT = '用户与岗位关联表' ROW_FORMAT = Dynamic;

-- ----------------------------
-- Records of sys_user_post
-- ----------------------------
INSERT INTO `sys_user_post` VALUES (1, 1);
INSERT INTO `sys_user_post` VALUES (2, 2);

-- ----------------------------
-- Table structure for sys_user_role
-- ----------------------------
DROP TABLE IF EXISTS `sys_user_role`;
CREATE TABLE `sys_user_role`  (
  `user_id` bigint(20) NOT NULL COMMENT '用户ID',
  `role_id` bigint(20) NOT NULL COMMENT '角色ID',
  PRIMARY KEY (`user_id`, `role_id`) USING BTREE
) ENGINE = InnoDB CHARACTER SET = utf8mb4 COLLATE = utf8mb4_general_ci COMMENT = '用户和角色关联表' ROW_FORMAT = Dynamic;

-- ----------------------------
-- Records of sys_user_role
-- ----------------------------
INSERT INTO `sys_user_role` VALUES (1, 1);
INSERT INTO `sys_user_role` VALUES (2, 2);

SET FOREIGN_KEY_CHECKS = 1;
